"Part";"Value";"Device";"Package";"Description";"CATEGORY";"COPYRIGHT";"DESCRIPTION";"FILTER_TYPE";"FREQUENCY";"IMPEDANCE_FREQ";"MANUFACTURER";"MANUFACTURER_PART_NUMBER";"MFR_NAME";"MPN";"OPERATING_TEMP";"OPERATING_TEMPERATURE";"PACKAGE";"PART_STATUS";"RATING";"REVERSE_VOLTAGE";"ROHS_COMPLIANCE";"ROHS_COMPLIANT";"SERIES";"STANDARD";"SUB-CATEGORY";"SUBCATEGORY";"SUB_CATEGORY";"THERMALLOSS";"THERMAL_LOSS";"TOLERANCE";"TYPE";"VALUE";"VOLTAGE_RATING";
"C1";"0.1uF";"C_CHIP-0805(2012-METRIC)";"CAPC2012X110";"Capacitor - Generic";"Capacitor";"";"";"";"";"";"";"";"";"";"";"";"";"";"";"";"";"";"";"";"";"";"";"";"";"";"";"";"";
"C2";"0.1uF";"C_CHIP-0805(2012-METRIC)";"CAPC2012X110";"Capacitor - Generic";"Capacitor";"";"";"";"";"";"";"";"";"";"";"";"";"";"";"";"";"";"";"";"";"";"";"";"";"";"";"";"";
"C3";"1uF";"C_CHIP-0805(2012-METRIC)";"CAPC2012X110";"Capacitor - Generic";"Capacitor";"";"";"";"";"";"";"";"";"";"";"";"";"";"";"";"";"";"";"";"";"";"";"";"";"";"";"";"";
"C4";"1uF";"C_CHIP-0805(2012-METRIC)";"CAPC2012X110";"Capacitor - Generic";"Capacitor";"";"";"";"";"";"";"";"";"";"";"";"";"";"";"";"";"";"";"";"";"";"";"";"";"";"";"";"";
"C5";"10uF ";"293D106X0016A2TE3CAP_293D-A_VSS";"CAP_293D-A_VSS";"";"";"Copyright (C) 2023 Ultra Librarian. All rights reserved.";"";"";"";"";"";"293D106X0016A2TE3";"Vishay";"";"";"";"";"";"";"";"";"";"";"";"";"";"";"";"";"";"";"";"";
"C6";"0.1uF";"C_CHIP-0805(2012-METRIC)";"CAPC2012X110";"Capacitor - Generic";"Capacitor";"";"";"";"";"";"";"";"";"";"";"";"";"";"";"";"";"";"";"";"";"";"";"";"";"";"";"";"";
"C7";"100pF";"C_CHIP-0603(1608-METRIC)";"CAPC1608X85";"Capacitor - Generic";"Capacitor";"";"";"";"";"";"";"";"";"";"";"";"";"";"";"";"";"";"";"";"";"";"";"";"";"";"";"";"";
"C8";"0.1uF";"C_CHIP-0805(2012-METRIC)";"CAPC2012X110";"Capacitor - Generic";"Capacitor";"";"";"";"";"";"";"";"";"";"";"";"";"";"";"";"";"";"";"";"";"";"";"";"";"";"";"";"";
"C9";"0.1uF";"C_CHIP-0805(2012-METRIC)";"CAPC2012X110";"Capacitor - Generic";"Capacitor";"";"";"";"";"";"";"";"";"";"";"";"";"";"";"";"";"";"";"";"";"";"";"";"";"";"";"";"";
"C10";"1uF";"C_CHIP-0805(2012-METRIC)";"CAPC2012X110";"Capacitor - Generic";"Capacitor";"";"";"";"";"";"";"";"";"";"";"";"";"";"";"";"";"";"";"";"";"";"";"";"";"";"";"";"";
"C11";"0.1uF";"C_CHIP-0805(2012-METRIC)";"CAPC2012X110";"Capacitor - Generic";"Capacitor";"";"";"";"";"";"";"";"";"";"";"";"";"";"";"";"";"";"";"";"";"";"";"";"";"";"";"";"";
"C12";"1uF";"C_CHIP-0805(2012-METRIC)";"CAPC2012X110";"Capacitor - Generic";"Capacitor";"";"";"";"";"";"";"";"";"";"";"";"";"";"";"";"";"";"";"";"";"";"";"";"";"";"";"";"";
"C13";"0.1uF";"C_CHIP-0805(2012-METRIC)";"CAPC2012X110";"Capacitor - Generic";"Capacitor";"";"";"";"";"";"";"";"";"";"";"";"";"";"";"";"";"";"";"";"";"";"";"";"";"";"";"";"";
"C14";"10uF ";"293D106X0016A2TE3CAP_293D-A_VSS";"CAP_293D-A_VSS";"";"";"Copyright (C) 2023 Ultra Librarian. All rights reserved.";"";"";"";"";"";"293D106X0016A2TE3";"Vishay";"";"";"";"";"";"";"";"";"";"";"";"";"";"";"";"";"";"";"";"";
"C15";"1uF";"C_CHIP-0805(2012-METRIC)";"CAPC2012X110";"Capacitor - Generic";"Capacitor";"";"";"";"";"";"";"";"";"";"";"";"";"";"";"";"";"";"";"";"";"";"";"";"";"";"";"";"";
"C16";"0.1uF";"C_CHIP-0805(2012-METRIC)";"CAPC2012X110";"Capacitor - Generic";"Capacitor";"";"";"";"";"";"";"";"";"";"";"";"";"";"";"";"";"";"";"";"";"";"";"";"";"";"";"";"";
"C17";"1uF";"C_CHIP-0805(2012-METRIC)";"CAPC2012X110";"Capacitor - Generic";"Capacitor";"";"";"";"";"";"";"";"";"";"";"";"";"";"";"";"";"";"";"";"";"";"";"";"";"";"";"";"";
"C18";"10uF ";"293D106X0016A2TE3CAP_293D-A_VSS";"CAP_293D-A_VSS";"";"";"Copyright (C) 2023 Ultra Librarian. All rights reserved.";"";"";"";"";"";"293D106X0016A2TE3";"Vishay";"";"";"";"";"";"";"";"";"";"";"";"";"";"";"";"";"";"";"";"";
"C19";"1uF";"C_CHIP-0805(2012-METRIC)";"CAPC2012X110";"Capacitor - Generic";"Capacitor";"";"";"";"";"";"";"";"";"";"";"";"";"";"";"";"";"";"";"";"";"";"";"";"";"";"";"";"";
"C20";"0.1uF";"C_CHIP-0805(2012-METRIC)";"CAPC2012X110";"Capacitor - Generic";"Capacitor";"";"";"";"";"";"";"";"";"";"";"";"";"";"";"";"";"";"";"";"";"";"";"";"";"";"";"";"";
"C21";"2.2uF";"C_CHIP-0603(1608-METRIC)";"CAPC1608X85";"Capacitor - Generic";"Capacitor";"";"";"";"";"";"";"";"";"";"";"";"";"";"";"";"";"";"";"";"";"";"";"";"";"";"";"";"";
"C22";"1uF";"C_CHIP-0805(2012-METRIC)";"CAPC2012X110";"Capacitor - Generic";"Capacitor";"";"";"";"";"";"";"";"";"";"";"";"";"";"";"";"";"";"";"";"";"";"";"";"";"";"";"";"";
"C23";"0.1uF";"C_CHIP-0805(2012-METRIC)";"CAPC2012X110";"Capacitor - Generic";"Capacitor";"";"";"";"";"";"";"";"";"";"";"";"";"";"";"";"";"";"";"";"";"";"";"";"";"";"";"";"";
"C24";"1.5nF";"C_CHIP-0603(1608-METRIC)";"CAPC1608X85";"Capacitor - Generic";"Capacitor";"";"";"";"";"";"";"";"";"";"";"";"";"";"";"";"";"";"";"";"";"";"";"";"";"";"";"";"";
"C25";"100pF";"C_CHIP-0603(1608-METRIC)";"CAPC1608X85";"Capacitor - Generic";"Capacitor";"";"";"";"";"";"";"";"";"";"";"";"";"";"";"";"";"";"";"";"";"";"";"";"";"";"";"";"";
"C26";"1uF";"C_CHIP-0805(2012-METRIC)";"CAPC2012X110";"Capacitor - Generic";"Capacitor";"";"";"";"";"";"";"";"";"";"";"";"";"";"";"";"";"";"";"";"";"";"";"";"";"";"";"";"";
"C27";"0.1uF";"C_CHIP-0805(2012-METRIC)";"CAPC2012X110";"Capacitor - Generic";"Capacitor";"";"";"";"";"";"";"";"";"";"";"";"";"";"";"";"";"";"";"";"";"";"";"";"";"";"";"";"";
"C28";"1uF";"C_CHIP-0805(2012-METRIC)";"CAPC2012X110";"Capacitor - Generic";"Capacitor";"";"";"";"";"";"";"";"";"";"";"";"";"";"";"";"";"";"";"";"";"";"";"";"";"";"";"";"";
"C29";"0.1uF";"C_CHIP-0805(2012-METRIC)";"CAPC2012X110";"Capacitor - Generic";"Capacitor";"";"";"";"";"";"";"";"";"";"";"";"";"";"";"";"";"";"";"";"";"";"";"";"";"";"";"";"";
"C30";"10uF ";"293D106X0016A2TE3CAP_293D-A_VSS";"CAP_293D-A_VSS";"";"";"Copyright (C) 2023 Ultra Librarian. All rights reserved.";"";"";"";"";"";"293D106X0016A2TE3";"Vishay";"";"";"";"";"";"";"";"";"";"";"";"";"";"";"";"";"";"";"";"";
"C31";"1uF";"C_CHIP-0805(2012-METRIC)";"CAPC2012X110";"Capacitor - Generic";"Capacitor";"";"";"";"";"";"";"";"";"";"";"";"";"";"";"";"";"";"";"";"";"";"";"";"";"";"";"";"";
"C32";"0.1uF";"C_CHIP-0805(2012-METRIC)";"CAPC2012X110";"Capacitor - Generic";"Capacitor";"";"";"";"";"";"";"";"";"";"";"";"";"";"";"";"";"";"";"";"";"";"";"";"";"";"";"";"";
"C33";"1uF";"C_CHIP-0805(2012-METRIC)";"CAPC2012X110";"Capacitor - Generic";"Capacitor";"";"";"";"";"";"";"";"";"";"";"";"";"";"";"";"";"";"";"";"";"";"";"";"";"";"";"";"";
"C34";"1uF";"C_CHIP-0805(2012-METRIC)";"CAPC2012X110";"Capacitor - Generic";"Capacitor";"";"";"";"";"";"";"";"";"";"";"";"";"";"";"";"";"";"";"";"";"";"";"";"";"";"";"";"";
"C35";"10uF ";"293D106X0016A2TE3CAP_293D-A_VSS";"CAP_293D-A_VSS";"";"";"Copyright (C) 2023 Ultra Librarian. All rights reserved.";"";"";"";"";"";"293D106X0016A2TE3";"Vishay";"";"";"";"";"";"";"";"";"";"";"";"";"";"";"";"";"";"";"";"";
"C36";"1uF";"C_CHIP-0805(2012-METRIC)";"CAPC2012X110";"Capacitor - Generic";"Capacitor";"";"";"";"";"";"";"";"";"";"";"";"";"";"";"";"";"";"";"";"";"";"";"";"";"";"";"";"";
"C37";"0.1uF";"C_CHIP-0805(2012-METRIC)";"CAPC2012X110";"Capacitor - Generic";"Capacitor";"";"";"";"";"";"";"";"";"";"";"";"";"";"";"";"";"";"";"";"";"";"";"";"";"";"";"";"";
"C38";"1uF";"C_CHIP-0805(2012-METRIC)";"CAPC2012X110";"Capacitor - Generic";"Capacitor";"";"";"";"";"";"";"";"";"";"";"";"";"";"";"";"";"";"";"";"";"";"";"";"";"";"";"";"";
"C39";"1uF";"C_CHIP-0805(2012-METRIC)";"CAPC2012X110";"Capacitor - Generic";"Capacitor";"";"";"";"";"";"";"";"";"";"";"";"";"";"";"";"";"";"";"";"";"";"";"";"";"";"";"";"";
"C40";"0.1uF";"C_CHIP-0805(2012-METRIC)";"CAPC2012X110";"Capacitor - Generic";"Capacitor";"";"";"";"";"";"";"";"";"";"";"";"";"";"";"";"";"";"";"";"";"";"";"";"";"";"";"";"";
"C41";"1.5nF";"C_CHIP-0603(1608-METRIC)";"CAPC1608X85";"Capacitor - Generic";"Capacitor";"";"";"";"";"";"";"";"";"";"";"";"";"";"";"";"";"";"";"";"";"";"";"";"";"";"";"";"";
"C42";"100pF";"C_CHIP-0603(1608-METRIC)";"CAPC1608X85";"Capacitor - Generic";"Capacitor";"";"";"";"";"";"";"";"";"";"";"";"";"";"";"";"";"";"";"";"";"";"";"";"";"";"";"";"";
"C43";"1uF";"C_CHIP-0805(2012-METRIC)";"CAPC2012X110";"Capacitor - Generic";"Capacitor";"";"";"";"";"";"";"";"";"";"";"";"";"";"";"";"";"";"";"";"";"";"";"";"";"";"";"";"";
"C44";"0.1uF";"C_CHIP-0805(2012-METRIC)";"CAPC2012X110";"Capacitor - Generic";"Capacitor";"";"";"";"";"";"";"";"";"";"";"";"";"";"";"";"";"";"";"";"";"";"";"";"";"";"";"";"";
"C45";"1uF";"C_CHIP-0805(2012-METRIC)";"CAPC2012X110";"Capacitor - Generic";"Capacitor";"";"";"";"";"";"";"";"";"";"";"";"";"";"";"";"";"";"";"";"";"";"";"";"";"";"";"";"";
"C46";"0.1uF";"C_CHIP-0805(2012-METRIC)";"CAPC2012X110";"Capacitor - Generic";"Capacitor";"";"";"";"";"";"";"";"";"";"";"";"";"";"";"";"";"";"";"";"";"";"";"";"";"";"";"";"";
"C47";"10uF ";"293D106X0016A2TE3CAP_293D-A_VSS";"CAP_293D-A_VSS";"";"";"Copyright (C) 2023 Ultra Librarian. All rights reserved.";"";"";"";"";"";"293D106X0016A2TE3";"Vishay";"";"";"";"";"";"";"";"";"";"";"";"";"";"";"";"";"";"";"";"";
"C48";"1uF";"C_CHIP-0805(2012-METRIC)";"CAPC2012X110";"Capacitor - Generic";"Capacitor";"";"";"";"";"";"";"";"";"";"";"";"";"";"";"";"";"";"";"";"";"";"";"";"";"";"";"";"";
"C49";"0.1uF";"C_CHIP-0805(2012-METRIC)";"CAPC2012X110";"Capacitor - Generic";"Capacitor";"";"";"";"";"";"";"";"";"";"";"";"";"";"";"";"";"";"";"";"";"";"";"";"";"";"";"";"";
"C50";"1uF";"C_CHIP-0805(2012-METRIC)";"CAPC2012X110";"Capacitor - Generic";"Capacitor";"";"";"";"";"";"";"";"";"";"";"";"";"";"";"";"";"";"";"";"";"";"";"";"";"";"";"";"";
"C51";"10uF ";"293D106X0016A2TE3CAP_293D-A_VSS";"CAP_293D-A_VSS";"";"";"Copyright (C) 2023 Ultra Librarian. All rights reserved.";"";"";"";"";"";"293D106X0016A2TE3";"Vishay";"";"";"";"";"";"";"";"";"";"";"";"";"";"";"";"";"";"";"";"";
"C52";"1uF";"C_CHIP-0805(2012-METRIC)";"CAPC2012X110";"Capacitor - Generic";"Capacitor";"";"";"";"";"";"";"";"";"";"";"";"";"";"";"";"";"";"";"";"";"";"";"";"";"";"";"";"";
"C53";"0.1uF";"C_CHIP-0805(2012-METRIC)";"CAPC2012X110";"Capacitor - Generic";"Capacitor";"";"";"";"";"";"";"";"";"";"";"";"";"";"";"";"";"";"";"";"";"";"";"";"";"";"";"";"";
"C54";"1.5nF";"C_CHIP-0603(1608-METRIC)";"CAPC1608X85";"Capacitor - Generic";"Capacitor";"";"";"";"";"";"";"";"";"";"";"";"";"";"";"";"";"";"";"";"";"";"";"";"";"";"";"";"";
"C55";"1uF";"C_CHIP-0805(2012-METRIC)";"CAPC2012X110";"Capacitor - Generic";"Capacitor";"";"";"";"";"";"";"";"";"";"";"";"";"";"";"";"";"";"";"";"";"";"";"";"";"";"";"";"";
"C56";"0.1uF";"C_CHIP-0805(2012-METRIC)";"CAPC2012X110";"Capacitor - Generic";"Capacitor";"";"";"";"";"";"";"";"";"";"";"";"";"";"";"";"";"";"";"";"";"";"";"";"";"";"";"";"";
"C57";"0.1uF";"C_CHIP-0805(2012-METRIC)";"CAPC2012X110";"Capacitor - Generic";"Capacitor";"";"";"";"";"";"";"";"";"";"";"";"";"";"";"";"";"";"";"";"";"";"";"";"";"";"";"";"";
"C58";"1uF";"C_CHIP-0805(2012-METRIC)";"CAPC2012X110";"Capacitor - Generic";"Capacitor";"";"";"";"";"";"";"";"";"";"";"";"";"";"";"";"";"";"";"";"";"";"";"";"";"";"";"";"";
"C59";"0.1uF";"C_CHIP-0805(2012-METRIC)";"CAPC2012X110";"Capacitor - Generic";"Capacitor";"";"";"";"";"";"";"";"";"";"";"";"";"";"";"";"";"";"";"";"";"";"";"";"";"";"";"";"";
"C60";"10uF ";"293D106X0016A2TE3CAP_293D-A_VSS";"CAP_293D-A_VSS";"";"";"Copyright (C) 2023 Ultra Librarian. All rights reserved.";"";"";"";"";"";"293D106X0016A2TE3";"Vishay";"";"";"";"";"";"";"";"";"";"";"";"";"";"";"";"";"";"";"";"";
"C61";"1uF";"C_CHIP-0805(2012-METRIC)";"CAPC2012X110";"Capacitor - Generic";"Capacitor";"";"";"";"";"";"";"";"";"";"";"";"";"";"";"";"";"";"";"";"";"";"";"";"";"";"";"";"";
"C62";"0.1uF";"C_CHIP-0805(2012-METRIC)";"CAPC2012X110";"Capacitor - Generic";"Capacitor";"";"";"";"";"";"";"";"";"";"";"";"";"";"";"";"";"";"";"";"";"";"";"";"";"";"";"";"";
"C63";"1uF";"C_CHIP-0805(2012-METRIC)";"CAPC2012X110";"Capacitor - Generic";"Capacitor";"";"";"";"";"";"";"";"";"";"";"";"";"";"";"";"";"";"";"";"";"";"";"";"";"";"";"";"";
"C64";"10uF ";"293D106X0016A2TE3CAP_293D-A_VSS";"CAP_293D-A_VSS";"";"";"Copyright (C) 2023 Ultra Librarian. All rights reserved.";"";"";"";"";"";"293D106X0016A2TE3";"Vishay";"";"";"";"";"";"";"";"";"";"";"";"";"";"";"";"";"";"";"";"";
"C65";"0.1uF";"C_CHIP-0805(2012-METRIC)";"CAPC2012X110";"Capacitor - Generic";"Capacitor";"";"";"";"";"";"";"";"";"";"";"";"";"";"";"";"";"";"";"";"";"";"";"";"";"";"";"";"";
"C66";"1uF";"C_CHIP-0805(2012-METRIC)";"CAPC2012X110";"Capacitor - Generic";"Capacitor";"";"";"";"";"";"";"";"";"";"";"";"";"";"";"";"";"";"";"";"";"";"";"";"";"";"";"";"";
"C67";"1.5nF";"C_CHIP-0603(1608-METRIC)";"CAPC1608X85";"Capacitor - Generic";"Capacitor";"";"";"";"";"";"";"";"";"";"";"";"";"";"";"";"";"";"";"";"";"";"";"";"";"";"";"";"";
"C68";"100pF";"C_CHIP-0603(1608-METRIC)";"CAPC1608X85";"Capacitor - Generic";"Capacitor";"";"";"";"";"";"";"";"";"";"";"";"";"";"";"";"";"";"";"";"";"";"";"";"";"";"";"";"";
"C69";"1uF";"C_CHIP-0805(2012-METRIC)";"CAPC2012X110";"Capacitor - Generic";"Capacitor";"";"";"";"";"";"";"";"";"";"";"";"";"";"";"";"";"";"";"";"";"";"";"";"";"";"";"";"";
"C70";"0.1uF";"C_CHIP-0805(2012-METRIC)";"CAPC2012X110";"Capacitor - Generic";"Capacitor";"";"";"";"";"";"";"";"";"";"";"";"";"";"";"";"";"";"";"";"";"";"";"";"";"";"";"";"";
"C71";"1uF";"C_CHIP-0805(2012-METRIC)";"CAPC2012X110";"Capacitor - Generic";"Capacitor";"";"";"";"";"";"";"";"";"";"";"";"";"";"";"";"";"";"";"";"";"";"";"";"";"";"";"";"";
"C72";"0.1uF";"C_CHIP-0805(2012-METRIC)";"CAPC2012X110";"Capacitor - Generic";"Capacitor";"";"";"";"";"";"";"";"";"";"";"";"";"";"";"";"";"";"";"";"";"";"";"";"";"";"";"";"";
"C73";"10uF ";"293D106X0016A2TE3CAP_293D-A_VSS";"CAP_293D-A_VSS";"";"";"Copyright (C) 2023 Ultra Librarian. All rights reserved.";"";"";"";"";"";"293D106X0016A2TE3";"Vishay";"";"";"";"";"";"";"";"";"";"";"";"";"";"";"";"";"";"";"";"";
"C74";"1uF";"C_CHIP-0805(2012-METRIC)";"CAPC2012X110";"Capacitor - Generic";"Capacitor";"";"";"";"";"";"";"";"";"";"";"";"";"";"";"";"";"";"";"";"";"";"";"";"";"";"";"";"";
"C75";"0.1uF";"C_CHIP-0805(2012-METRIC)";"CAPC2012X110";"Capacitor - Generic";"Capacitor";"";"";"";"";"";"";"";"";"";"";"";"";"";"";"";"";"";"";"";"";"";"";"";"";"";"";"";"";
"C76";"1uF";"C_CHIP-0805(2012-METRIC)";"CAPC2012X110";"Capacitor - Generic";"Capacitor";"";"";"";"";"";"";"";"";"";"";"";"";"";"";"";"";"";"";"";"";"";"";"";"";"";"";"";"";
"C77";"10uF ";"293D106X0016A2TE3CAP_293D-A_VSS";"CAP_293D-A_VSS";"";"";"Copyright (C) 2023 Ultra Librarian. All rights reserved.";"";"";"";"";"";"293D106X0016A2TE3";"Vishay";"";"";"";"";"";"";"";"";"";"";"";"";"";"";"";"";"";"";"";"";
"C78";"0.1uF";"C_CHIP-0805(2012-METRIC)";"CAPC2012X110";"Capacitor - Generic";"Capacitor";"";"";"";"";"";"";"";"";"";"";"";"";"";"";"";"";"";"";"";"";"";"";"";"";"";"";"";"";
"C79";"0.1uF";"C_CHIP-0805(2012-METRIC)";"CAPC2012X110";"Capacitor - Generic";"Capacitor";"";"";"";"";"";"";"";"";"";"";"";"";"";"";"";"";"";"";"";"";"";"";"";"";"";"";"";"";
"C80";"0.1uF";"C_CHIP-0805(2012-METRIC)";"CAPC2012X110";"Capacitor - Generic";"Capacitor";"";"";"";"";"";"";"";"";"";"";"";"";"";"";"";"";"";"";"";"";"";"";"";"";"";"";"";"";
"C81";"1uF";"C_CHIP-0805(2012-METRIC)";"CAPC2012X110";"Capacitor - Generic";"Capacitor";"";"";"";"";"";"";"";"";"";"";"";"";"";"";"";"";"";"";"";"";"";"";"";"";"";"";"";"";
"C82";"0.1uF";"C_CHIP-0805(2012-METRIC)";"CAPC2012X110";"Capacitor - Generic";"Capacitor";"";"";"";"";"";"";"";"";"";"";"";"";"";"";"";"";"";"";"";"";"";"";"";"";"";"";"";"";
"C83";"1.5nF";"C_CHIP-0603(1608-METRIC)";"CAPC1608X85";"Capacitor - Generic";"Capacitor";"";"";"";"";"";"";"";"";"";"";"";"";"";"";"";"";"";"";"";"";"";"";"";"";"";"";"";"";
"C84";"100pF";"C_CHIP-0603(1608-METRIC)";"CAPC1608X85";"Capacitor - Generic";"Capacitor";"";"";"";"";"";"";"";"";"";"";"";"";"";"";"";"";"";"";"";"";"";"";"";"";"";"";"";"";
"C85";"10uF ";"293D106X0016A2TE3CAP_293D-A_VSS";"CAP_293D-A_VSS";"";"";"Copyright (C) 2023 Ultra Librarian. All rights reserved.";"";"";"";"";"";"293D106X0016A2TE3";"Vishay";"";"";"";"";"";"";"";"";"";"";"";"";"";"";"";"";"";"";"";"";
"C86";"10uF ";"293D106X0016A2TE3CAP_293D-A_VSS";"CAP_293D-A_VSS";"";"";"Copyright (C) 2023 Ultra Librarian. All rights reserved.";"";"";"";"";"";"293D106X0016A2TE3";"Vishay";"";"";"";"";"";"";"";"";"";"";"";"";"";"";"";"";"";"";"";"";
"C87";"2.2uF";"C_CHIP-0603(1608-METRIC)";"CAPC1608X85";"Capacitor - Generic";"Capacitor";"";"";"";"";"";"";"";"";"";"";"";"";"";"";"";"";"";"";"";"";"";"";"";"";"";"";"";"";
"C88";"0.1uF";"C_CHIP-0805(2012-METRIC)";"CAPC2012X110";"Capacitor - Generic";"Capacitor";"";"";"";"";"";"";"";"";"";"";"";"";"";"";"";"";"";"";"";"";"";"";"";"";"";"";"";"";
"C89";"2.2uF";"C_CHIP-0603(1608-METRIC)";"CAPC1608X85";"Capacitor - Generic";"Capacitor";"";"";"";"";"";"";"";"";"";"";"";"";"";"";"";"";"";"";"";"";"";"";"";"";"";"";"";"";
"C90";"0.1uF";"C_CHIP-0805(2012-METRIC)";"CAPC2012X110";"Capacitor - Generic";"Capacitor";"";"";"";"";"";"";"";"";"";"";"";"";"";"";"";"";"";"";"";"";"";"";"";"";"";"";"";"";
"C91";"1uF";"C_CHIP-0805(2012-METRIC)";"CAPC2012X110";"Capacitor - Generic";"Capacitor";"";"";"";"";"";"";"";"";"";"";"";"";"";"";"";"";"";"";"";"";"";"";"";"";"";"";"";"";
"C92";"0.1uF";"C_CHIP-0805(2012-METRIC)";"CAPC2012X110";"Capacitor - Generic";"Capacitor";"";"";"";"";"";"";"";"";"";"";"";"";"";"";"";"";"";"";"";"";"";"";"";"";"";"";"";"";
"C93";"1.5nF";"C_CHIP-0603(1608-METRIC)";"CAPC1608X85";"Capacitor - Generic";"Capacitor";"";"";"";"";"";"";"";"";"";"";"";"";"";"";"";"";"";"";"";"";"";"";"";"";"";"";"";"";
"C94";"100pF";"C_CHIP-0603(1608-METRIC)";"CAPC1608X85";"Capacitor - Generic";"Capacitor";"";"";"";"";"";"";"";"";"";"";"";"";"";"";"";"";"";"";"";"";"";"";"";"";"";"";"";"";
"C95";"0.1uF";"C_CHIP-0805(2012-METRIC)";"CAPC2012X110";"Capacitor - Generic";"Capacitor";"";"";"";"";"";"";"";"";"";"";"";"";"";"";"";"";"";"";"";"";"";"";"";"";"";"";"";"";
"C96";"2.2uF";"C_CHIP-0603(1608-METRIC)";"CAPC1608X85";"Capacitor - Generic";"Capacitor";"";"";"";"";"";"";"";"";"";"";"";"";"";"";"";"";"";"";"";"";"";"";"";"";"";"";"";"";
"C97";"1uF";"C_CHIP-0805(2012-METRIC)";"CAPC2012X110";"Capacitor - Generic";"Capacitor";"";"";"";"";"";"";"";"";"";"";"";"";"";"";"";"";"";"";"";"";"";"";"";"";"";"";"";"";
"C98";"0.01uF";"C_CHIP-0805(2012-METRIC)";"CAPC2012X110";"Capacitor - Generic";"Capacitor";"";"";"";"";"";"";"";"";"";"";"";"";"";"";"";"";"";"";"";"";"";"";"";"";"";"";"";"";
"C99";"0.1uF";"C_CHIP-0805(2012-METRIC)";"CAPC2012X110";"Capacitor - Generic";"Capacitor";"";"";"";"";"";"";"";"";"";"";"";"";"";"";"";"";"";"";"";"";"";"";"";"";"";"";"";"";
"C100";"2.2uF";"C_CHIP-0603(1608-METRIC)";"CAPC1608X85";"Capacitor - Generic";"Capacitor";"";"";"";"";"";"";"";"";"";"";"";"";"";"";"";"";"";"";"";"";"";"";"";"";"";"";"";"";
"C101";"22uF";"C_TANTALUM-1206(3216-METRIC)";"CAPM3216X180";"Capacitor - Generic";"Capacitor";"";"";"";"";"";"";"";"";"";"";"";"";"";"";"";"";"";"";"";"";"";"";"";"";"";"";"";"";
"C102";"22uF";"C_TANTALUM-1206(3216-METRIC)";"CAPM3216X180";"Capacitor - Generic";"Capacitor";"";"";"";"";"";"";"";"";"";"";"";"";"";"";"";"";"";"";"";"";"";"";"";"";"";"";"";"";
"C103";"CKCL44X7R1H102M085AACKCL44_TDK-L";"CKCL44X7R1H102M085AACKCL44_TDK-L";"CKCL44_TDK-L";"";"";"Copyright (C) 2023 Ultra Librarian. All rights reserved.";"";"";"";"";"";"CKCL44X7R1H102M085AA";"TDK";"";"";"";"";"";"";"";"";"";"";"";"";"";"";"";"";"";"";"";"";
"C104";"CKCL44X7R1H102M085AACKCL44_TDK-L";"CKCL44X7R1H102M085AACKCL44_TDK-L";"CKCL44_TDK-L";"";"";"Copyright (C) 2023 Ultra Librarian. All rights reserved.";"";"";"";"";"";"CKCL44X7R1H102M085AA";"TDK";"";"";"";"";"";"";"";"";"";"";"";"";"";"";"";"";"";"";"";"";
"C105";"0.1uF";"C_CHIP-0805(2012-METRIC)";"CAPC2012X110";"Capacitor - Generic";"Capacitor";"";"";"";"";"";"";"";"";"";"";"";"";"";"";"";"";"";"";"";"";"";"";"";"";"";"";"";"";
"C106";"CKCL44X7R1H102M085AACKCL44_TDK-L";"CKCL44X7R1H102M085AACKCL44_TDK-L";"CKCL44_TDK-L";"";"";"Copyright (C) 2023 Ultra Librarian. All rights reserved.";"";"";"";"";"";"CKCL44X7R1H102M085AA";"TDK";"";"";"";"";"";"";"";"";"";"";"";"";"";"";"";"";"";"";"";"";
"C107";"CKCL44X7R1H102M085AACKCL44_TDK-L";"CKCL44X7R1H102M085AACKCL44_TDK-L";"CKCL44_TDK-L";"";"";"Copyright (C) 2023 Ultra Librarian. All rights reserved.";"";"";"";"";"";"CKCL44X7R1H102M085AA";"TDK";"";"";"";"";"";"";"";"";"";"";"";"";"";"";"";"";"";"";"";"";
"C108";"CKCL44X7R1H102M085AACKCL44_TDK-L";"CKCL44X7R1H102M085AACKCL44_TDK-L";"CKCL44_TDK-L";"";"";"Copyright (C) 2023 Ultra Librarian. All rights reserved.";"";"";"";"";"";"CKCL44X7R1H102M085AA";"TDK";"";"";"";"";"";"";"";"";"";"";"";"";"";"";"";"";"";"";"";"";
"C109";"CKCL44X7R1H102M085AACKCL44_TDK-L";"CKCL44X7R1H102M085AACKCL44_TDK-L";"CKCL44_TDK-L";"";"";"Copyright (C) 2023 Ultra Librarian. All rights reserved.";"";"";"";"";"";"CKCL44X7R1H102M085AA";"TDK";"";"";"";"";"";"";"";"";"";"";"";"";"";"";"";"";"";"";"";"";
"C110";"CKCL44X7R1H102M085AACKCL44_TDK-L";"CKCL44X7R1H102M085AACKCL44_TDK-L";"CKCL44_TDK-L";"";"";"Copyright (C) 2023 Ultra Librarian. All rights reserved.";"";"";"";"";"";"CKCL44X7R1H102M085AA";"TDK";"";"";"";"";"";"";"";"";"";"";"";"";"";"";"";"";"";"";"";"";
"C111";"0.1uF";"C_CHIP-0805(2012-METRIC)";"CAPC2012X110";"Capacitor - Generic";"Capacitor";"";"";"";"";"";"";"";"";"";"";"";"";"";"";"";"";"";"";"";"";"";"";"";"";"";"";"";"";
"C112";"0.1uF";"C_CHIP-0805(2012-METRIC)";"CAPC2012X110";"Capacitor - Generic";"Capacitor";"";"";"";"";"";"";"";"";"";"";"";"";"";"";"";"";"";"";"";"";"";"";"";"";"";"";"";"";
"C113";"0.1uF";"C_CHIP-0805(2012-METRIC)";"CAPC2012X110";"Capacitor - Generic";"Capacitor";"";"";"";"";"";"";"";"";"";"";"";"";"";"";"";"";"";"";"";"";"";"";"";"";"";"";"";"";
"C114";"15pF";"C_CHIP-0603(1608-METRIC)";"CAPC1608X85";"Capacitor - Generic";"Capacitor";"";"";"";"";"";"";"";"";"";"";"";"";"";"";"";"";"";"";"";"";"";"";"";"";"";"";"";"";
"C115";"15pF";"C_CHIP-0603(1608-METRIC)";"CAPC1608X85";"Capacitor - Generic";"Capacitor";"";"";"";"";"";"";"";"";"";"";"";"";"";"";"";"";"";"";"";"";"";"";"";"";"";"";"";"";
"C116";"0.1uF";"C_CHIP-0805(2012-METRIC)";"CAPC2012X110";"Capacitor - Generic";"Capacitor";"";"";"";"";"";"";"";"";"";"";"";"";"";"";"";"";"";"";"";"";"";"";"";"";"";"";"";"";
"C117";"0.1uF";"C_CHIP-0805(2012-METRIC)";"CAPC2012X110";"Capacitor - Generic";"Capacitor";"";"";"";"";"";"";"";"";"";"";"";"";"";"";"";"";"";"";"";"";"";"";"";"";"";"";"";"";
"C118";"1uF";"C_CHIP-0805(2012-METRIC)";"CAPC2012X110";"Capacitor - Generic";"Capacitor";"";"";"";"";"";"";"";"";"";"";"";"";"";"";"";"";"";"";"";"";"";"";"";"";"";"";"";"";
"C119";"1uF";"C_CHIP-0805(2012-METRIC)";"CAPC2012X110";"Capacitor - Generic";"Capacitor";"";"";"";"";"";"";"";"";"";"";"";"";"";"";"";"";"";"";"";"";"";"";"";"";"";"";"";"";
"C120";"1uF";"C_CHIP-0805(2012-METRIC)";"CAPC2012X110";"Capacitor - Generic";"Capacitor";"";"";"";"";"";"";"";"";"";"";"";"";"";"";"";"";"";"";"";"";"";"";"";"";"";"";"";"";
"C121";"1uF";"C_CHIP-0805(2012-METRIC)";"CAPC2012X110";"Capacitor - Generic";"Capacitor";"";"";"";"";"";"";"";"";"";"";"";"";"";"";"";"";"";"";"";"";"";"";"";"";"";"";"";"";
"C122";"22uF";"C_TANTALUM-1206(3216-METRIC)";"CAPM3216X180";"Capacitor - Generic";"Capacitor";"";"";"";"";"";"";"";"";"";"";"";"";"";"";"";"";"";"";"";"";"";"";"";"";"";"";"";"";
"C123";"0.1uF";"C_CHIP-0805(2012-METRIC)";"CAPC2012X110";"Capacitor - Generic";"Capacitor";"";"";"";"";"";"";"";"";"";"";"";"";"";"";"";"";"";"";"";"";"";"";"";"";"";"";"";"";
"C124";"0.1uF";"C_CHIP-0805(2012-METRIC)";"CAPC2012X110";"Capacitor - Generic";"Capacitor";"";"";"";"";"";"";"";"";"";"";"";"";"";"";"";"";"";"";"";"";"";"";"";"";"";"";"";"";
"C125";"1uF";"C_CHIP-0805(2012-METRIC)";"CAPC2012X110";"Capacitor - Generic";"Capacitor";"";"";"";"";"";"";"";"";"";"";"";"";"";"";"";"";"";"";"";"";"";"";"";"";"";"";"";"";
"C126";"CKCL44X7R1H102M085AACKCL44_TDK-L";"CKCL44X7R1H102M085AACKCL44_TDK-L";"CKCL44_TDK-L";"";"";"Copyright (C) 2023 Ultra Librarian. All rights reserved.";"";"";"";"";"";"CKCL44X7R1H102M085AA";"TDK";"";"";"";"";"";"";"";"";"";"";"";"";"";"";"";"";"";"";"";"";
"C127";"CKCL44X7R1H102M085AACKCL44_TDK-L";"CKCL44X7R1H102M085AACKCL44_TDK-L";"CKCL44_TDK-L";"";"";"Copyright (C) 2023 Ultra Librarian. All rights reserved.";"";"";"";"";"";"CKCL44X7R1H102M085AA";"TDK";"";"";"";"";"";"";"";"";"";"";"";"";"";"";"";"";"";"";"";"";
"C128";"CKCL44X7R1H102M085AACKCL44_TDK-L";"CKCL44X7R1H102M085AACKCL44_TDK-L";"CKCL44_TDK-L";"";"";"Copyright (C) 2023 Ultra Librarian. All rights reserved.";"";"";"";"";"";"CKCL44X7R1H102M085AA";"TDK";"";"";"";"";"";"";"";"";"";"";"";"";"";"";"";"";"";"";"";"";
"C129";"CKCL44X7R1H102M085AACKCL44_TDK-L";"CKCL44X7R1H102M085AACKCL44_TDK-L";"CKCL44_TDK-L";"";"";"Copyright (C) 2023 Ultra Librarian. All rights reserved.";"";"";"";"";"";"CKCL44X7R1H102M085AA";"TDK";"";"";"";"";"";"";"";"";"";"";"";"";"";"";"";"";"";"";"";"";
"C130";"CKCL44X7R1H102M085AACKCL44_TDK-L";"CKCL44X7R1H102M085AACKCL44_TDK-L";"CKCL44_TDK-L";"";"";"Copyright (C) 2023 Ultra Librarian. All rights reserved.";"";"";"";"";"";"CKCL44X7R1H102M085AA";"TDK";"";"";"";"";"";"";"";"";"";"";"";"";"";"";"";"";"";"";"";"";
"C131";"CKCL44X7R1H102M085AACKCL44_TDK-L";"CKCL44X7R1H102M085AACKCL44_TDK-L";"CKCL44_TDK-L";"";"";"Copyright (C) 2023 Ultra Librarian. All rights reserved.";"";"";"";"";"";"CKCL44X7R1H102M085AA";"TDK";"";"";"";"";"";"";"";"";"";"";"";"";"";"";"";"";"";"";"";"";
"C132";"2.2uF";"C_CHIP-0603(1608-METRIC)";"CAPC1608X85";"Capacitor - Generic";"Capacitor";"";"";"";"";"";"";"";"";"";"";"";"";"";"";"";"";"";"";"";"";"";"";"";"";"";"";"";"";
"C133";"0.1uF";"C_CHIP-0805(2012-METRIC)";"CAPC2012X110";"Capacitor - Generic";"Capacitor";"";"";"";"";"";"";"";"";"";"";"";"";"";"";"";"";"";"";"";"";"";"";"";"";"";"";"";"";
"C134";"0.1uF";"C_CHIP-0805(2012-METRIC)";"CAPC2012X110";"Capacitor - Generic";"Capacitor";"";"";"";"";"";"";"";"";"";"";"";"";"";"";"";"";"";"";"";"";"";"";"";"";"";"";"";"";
"C135";"0.1uF";"C_CHIP-0805(2012-METRIC)";"CAPC2012X110";"Capacitor - Generic";"Capacitor";"";"";"";"";"";"";"";"";"";"";"";"";"";"";"";"";"";"";"";"";"";"";"";"";"";"";"";"";
"C136";"22uF";"C_TANTALUM-1206(3216-METRIC)";"CAPM3216X180";"Capacitor - Generic";"Capacitor";"";"";"";"";"";"";"";"";"";"";"";"";"";"";"";"";"";"";"";"";"";"";"";"";"";"";"";"";
"C137";"0.1uF";"C_CHIP-0805(2012-METRIC)";"CAPC2012X110";"Capacitor - Generic";"Capacitor";"";"";"";"";"";"";"";"";"";"";"";"";"";"";"";"";"";"";"";"";"";"";"";"";"";"";"";"";
"C138";"1uF";"C_CHIP-0805(2012-METRIC)";"CAPC2012X110";"Capacitor - Generic";"Capacitor";"";"";"";"";"";"";"";"";"";"";"";"";"";"";"";"";"";"";"";"";"";"";"";"";"";"";"";"";
"C139";"1uF";"C_CHIP-0805(2012-METRIC)";"CAPC2012X110";"Capacitor - Generic";"Capacitor";"";"";"";"";"";"";"";"";"";"";"";"";"";"";"";"";"";"";"";"";"";"";"";"";"";"";"";"";
"C140";"1uF";"C_CHIP-0805(2012-METRIC)";"CAPC2012X110";"Capacitor - Generic";"Capacitor";"";"";"";"";"";"";"";"";"";"";"";"";"";"";"";"";"";"";"";"";"";"";"";"";"";"";"";"";
"C141";"1uF";"C_CHIP-0805(2012-METRIC)";"CAPC2012X110";"Capacitor - Generic";"Capacitor";"";"";"";"";"";"";"";"";"";"";"";"";"";"";"";"";"";"";"";"";"";"";"";"";"";"";"";"";
"C142";"1uF";"C_CHIP-0805(2012-METRIC)";"CAPC2012X110";"Capacitor - Generic";"Capacitor";"";"";"";"";"";"";"";"";"";"";"";"";"";"";"";"";"";"";"";"";"";"";"";"";"";"";"";"";
"C143";"0.1uF";"C_CHIP-0805(2012-METRIC)";"CAPC2012X110";"Capacitor - Generic";"Capacitor";"";"";"";"";"";"";"";"";"";"";"";"";"";"";"";"";"";"";"";"";"";"";"";"";"";"";"";"";
"C144";"1uF";"C_CHIP-0805(2012-METRIC)";"CAPC2012X110";"Capacitor - Generic";"Capacitor";"";"";"";"";"";"";"";"";"";"";"";"";"";"";"";"";"";"";"";"";"";"";"";"";"";"";"";"";
"C145";"1uF";"C_CHIP-0805(2012-METRIC)";"CAPC2012X110";"Capacitor - Generic";"Capacitor";"";"";"";"";"";"";"";"";"";"";"";"";"";"";"";"";"";"";"";"";"";"";"";"";"";"";"";"";
"C146";"1uF";"C_CHIP-0805(2012-METRIC)";"CAPC2012X110";"Capacitor - Generic";"Capacitor";"";"";"";"";"";"";"";"";"";"";"";"";"";"";"";"";"";"";"";"";"";"";"";"";"";"";"";"";
"C147";"1uF";"C_CHIP-0805(2012-METRIC)";"CAPC2012X110";"Capacitor - Generic";"Capacitor";"";"";"";"";"";"";"";"";"";"";"";"";"";"";"";"";"";"";"";"";"";"";"";"";"";"";"";"";
"C148";"1uF";"C_CHIP-0805(2012-METRIC)";"CAPC2012X110";"Capacitor - Generic";"Capacitor";"";"";"";"";"";"";"";"";"";"";"";"";"";"";"";"";"";"";"";"";"";"";"";"";"";"";"";"";
"C149";"1uF";"C_CHIP-0805(2012-METRIC)";"CAPC2012X110";"Capacitor - Generic";"Capacitor";"";"";"";"";"";"";"";"";"";"";"";"";"";"";"";"";"";"";"";"";"";"";"";"";"";"";"";"";
"C150";"0.1uF";"C_CHIP-0805(2012-METRIC)";"CAPC2012X110";"Capacitor - Generic";"Capacitor";"";"";"";"";"";"";"";"";"";"";"";"";"";"";"";"";"";"";"";"";"";"";"";"";"";"";"";"";
"C151";"0.1uF";"C_CHIP-0805(2012-METRIC)";"CAPC2012X110";"Capacitor - Generic";"Capacitor";"";"";"";"";"";"";"";"";"";"";"";"";"";"";"";"";"";"";"";"";"";"";"";"";"";"";"";"";
"C152";"1uF";"C_CHIP-0805(2012-METRIC)";"CAPC2012X110";"Capacitor - Generic";"Capacitor";"";"";"";"";"";"";"";"";"";"";"";"";"";"";"";"";"";"";"";"";"";"";"";"";"";"";"";"";
"C153";"22uF";"C_TANTALUM-1206(3216-METRIC)";"CAPM3216X180";"Capacitor - Generic";"Capacitor";"";"";"";"";"";"";"";"";"";"";"";"";"";"";"";"";"";"";"";"";"";"";"";"";"";"";"";"";
"C154";"22uF";"C_TANTALUM-1206(3216-METRIC)";"CAPM3216X180";"Capacitor - Generic";"Capacitor";"";"";"";"";"";"";"";"";"";"";"";"";"";"";"";"";"";"";"";"";"";"";"";"";"";"";"";"";
"C155";"0.1uF";"C_CHIP-0805(2012-METRIC)";"CAPC2012X110";"Capacitor - Generic";"Capacitor";"";"";"";"";"";"";"";"";"";"";"";"";"";"";"";"";"";"";"";"";"";"";"";"";"";"";"";"";
"C156";"1uF";"C_CHIP-0805(2012-METRIC)";"CAPC2012X110";"Capacitor - Generic";"Capacitor";"";"";"";"";"";"";"";"";"";"";"";"";"";"";"";"";"";"";"";"";"";"";"";"";"";"";"";"";
"C157";"0.1uF";"C_CHIP-0805(2012-METRIC)";"CAPC2012X110";"Capacitor - Generic";"Capacitor";"";"";"";"";"";"";"";"";"";"";"";"";"";"";"";"";"";"";"";"";"";"";"";"";"";"";"";"";
"C158";"1uF";"C_CHIP-0805(2012-METRIC)";"CAPC2012X110";"Capacitor - Generic";"Capacitor";"";"";"";"";"";"";"";"";"";"";"";"";"";"";"";"";"";"";"";"";"";"";"";"";"";"";"";"";
"C159";"0.1uF";"C_CHIP-0805(2012-METRIC)";"CAPC2012X110";"Capacitor - Generic";"Capacitor";"";"";"";"";"";"";"";"";"";"";"";"";"";"";"";"";"";"";"";"";"";"";"";"";"";"";"";"";
"C160";"1uF";"C_CHIP-0805(2012-METRIC)";"CAPC2012X110";"Capacitor - Generic";"Capacitor";"";"";"";"";"";"";"";"";"";"";"";"";"";"";"";"";"";"";"";"";"";"";"";"";"";"";"";"";
"C161";"0.1uF";"C_CHIP-0805(2012-METRIC)";"CAPC2012X110";"Capacitor - Generic";"Capacitor";"";"";"";"";"";"";"";"";"";"";"";"";"";"";"";"";"";"";"";"";"";"";"";"";"";"";"";"";
"C162";"1uF";"C_CHIP-0805(2012-METRIC)";"CAPC2012X110";"Capacitor - Generic";"Capacitor";"";"";"";"";"";"";"";"";"";"";"";"";"";"";"";"";"";"";"";"";"";"";"";"";"";"";"";"";
"C163";"0.1uF";"C_CHIP-0805(2012-METRIC)";"CAPC2012X110";"Capacitor - Generic";"Capacitor";"";"";"";"";"";"";"";"";"";"";"";"";"";"";"";"";"";"";"";"";"";"";"";"";"";"";"";"";
"C164";"1uF";"C_CHIP-0805(2012-METRIC)";"CAPC2012X110";"Capacitor - Generic";"Capacitor";"";"";"";"";"";"";"";"";"";"";"";"";"";"";"";"";"";"";"";"";"";"";"";"";"";"";"";"";
"C165";"0.1uF";"C_CHIP-0805(2012-METRIC)";"CAPC2012X110";"Capacitor - Generic";"Capacitor";"";"";"";"";"";"";"";"";"";"";"";"";"";"";"";"";"";"";"";"";"";"";"";"";"";"";"";"";
"C166";"1uF";"C_CHIP-0805(2012-METRIC)";"CAPC2012X110";"Capacitor - Generic";"Capacitor";"";"";"";"";"";"";"";"";"";"";"";"";"";"";"";"";"";"";"";"";"";"";"";"";"";"";"";"";
"C167";"0.1uF";"C_CHIP-0805(2012-METRIC)";"CAPC2012X110";"Capacitor - Generic";"Capacitor";"";"";"";"";"";"";"";"";"";"";"";"";"";"";"";"";"";"";"";"";"";"";"";"";"";"";"";"";
"C168";"1uF";"C_CHIP-0805(2012-METRIC)";"CAPC2012X110";"Capacitor - Generic";"Capacitor";"";"";"";"";"";"";"";"";"";"";"";"";"";"";"";"";"";"";"";"";"";"";"";"";"";"";"";"";
"C169";"0.1uF";"C_CHIP-0805(2012-METRIC)";"CAPC2012X110";"Capacitor - Generic";"Capacitor";"";"";"";"";"";"";"";"";"";"";"";"";"";"";"";"";"";"";"";"";"";"";"";"";"";"";"";"";
"C170";"1uF";"C_CHIP-0805(2012-METRIC)";"CAPC2012X110";"Capacitor - Generic";"Capacitor";"";"";"";"";"";"";"";"";"";"";"";"";"";"";"";"";"";"";"";"";"";"";"";"";"";"";"";"";
"C171";"0.1uF";"C_CHIP-0805(2012-METRIC)";"CAPC2012X110";"Capacitor - Generic";"Capacitor";"";"";"";"";"";"";"";"";"";"";"";"";"";"";"";"";"";"";"";"";"";"";"";"";"";"";"";"";
"C172";"1uF";"C_CHIP-0805(2012-METRIC)";"CAPC2012X110";"Capacitor - Generic";"Capacitor";"";"";"";"";"";"";"";"";"";"";"";"";"";"";"";"";"";"";"";"";"";"";"";"";"";"";"";"";
"C173";"0.1uF";"C_CHIP-0805(2012-METRIC)";"CAPC2012X110";"Capacitor - Generic";"Capacitor";"";"";"";"";"";"";"";"";"";"";"";"";"";"";"";"";"";"";"";"";"";"";"";"";"";"";"";"";
"C174";"1uF";"C_CHIP-0805(2012-METRIC)";"CAPC2012X110";"Capacitor - Generic";"Capacitor";"";"";"";"";"";"";"";"";"";"";"";"";"";"";"";"";"";"";"";"";"";"";"";"";"";"";"";"";
"C175";"0.1uF";"C_CHIP-0805(2012-METRIC)";"CAPC2012X110";"Capacitor - Generic";"Capacitor";"";"";"";"";"";"";"";"";"";"";"";"";"";"";"";"";"";"";"";"";"";"";"";"";"";"";"";"";
"C176";"1uF";"C_CHIP-0805(2012-METRIC)";"CAPC2012X110";"Capacitor - Generic";"Capacitor";"";"";"";"";"";"";"";"";"";"";"";"";"";"";"";"";"";"";"";"";"";"";"";"";"";"";"";"";
"C177";"0.1uF";"C_CHIP-0805(2012-METRIC)";"CAPC2012X110";"Capacitor - Generic";"Capacitor";"";"";"";"";"";"";"";"";"";"";"";"";"";"";"";"";"";"";"";"";"";"";"";"";"";"";"";"";
"C178";"1uF";"C_CHIP-0805(2012-METRIC)";"CAPC2012X110";"Capacitor - Generic";"Capacitor";"";"";"";"";"";"";"";"";"";"";"";"";"";"";"";"";"";"";"";"";"";"";"";"";"";"";"";"";
"C179";"0.1uF";"C_CHIP-0805(2012-METRIC)";"CAPC2012X110";"Capacitor - Generic";"Capacitor";"";"";"";"";"";"";"";"";"";"";"";"";"";"";"";"";"";"";"";"";"";"";"";"";"";"";"";"";
"C180";"1uF";"C_CHIP-0805(2012-METRIC)";"CAPC2012X110";"Capacitor - Generic";"Capacitor";"";"";"";"";"";"";"";"";"";"";"";"";"";"";"";"";"";"";"";"";"";"";"";"";"";"";"";"";
"C181";"0.1uF";"C_CHIP-0805(2012-METRIC)";"CAPC2012X110";"Capacitor - Generic";"Capacitor";"";"";"";"";"";"";"";"";"";"";"";"";"";"";"";"";"";"";"";"";"";"";"";"";"";"";"";"";
"C182";"1uF";"C_CHIP-0805(2012-METRIC)";"CAPC2012X110";"Capacitor - Generic";"Capacitor";"";"";"";"";"";"";"";"";"";"";"";"";"";"";"";"";"";"";"";"";"";"";"";"";"";"";"";"";
"C183";"0.1uF";"C_CHIP-0805(2012-METRIC)";"CAPC2012X110";"Capacitor - Generic";"Capacitor";"";"";"";"";"";"";"";"";"";"";"";"";"";"";"";"";"";"";"";"";"";"";"";"";"";"";"";"";
"C184";"1uF";"C_CHIP-0805(2012-METRIC)";"CAPC2012X110";"Capacitor - Generic";"Capacitor";"";"";"";"";"";"";"";"";"";"";"";"";"";"";"";"";"";"";"";"";"";"";"";"";"";"";"";"";
"C185";"0.1uF";"C_CHIP-0805(2012-METRIC)";"CAPC2012X110";"Capacitor - Generic";"Capacitor";"";"";"";"";"";"";"";"";"";"";"";"";"";"";"";"";"";"";"";"";"";"";"";"";"";"";"";"";
"C186";"1uF";"C_CHIP-0805(2012-METRIC)";"CAPC2012X110";"Capacitor - Generic";"Capacitor";"";"";"";"";"";"";"";"";"";"";"";"";"";"";"";"";"";"";"";"";"";"";"";"";"";"";"";"";
"C187";"0.1uF";"C_CHIP-0805(2012-METRIC)";"CAPC2012X110";"Capacitor - Generic";"Capacitor";"";"";"";"";"";"";"";"";"";"";"";"";"";"";"";"";"";"";"";"";"";"";"";"";"";"";"";"";
"C188";"1uF";"C_CHIP-0805(2012-METRIC)";"CAPC2012X110";"Capacitor - Generic";"Capacitor";"";"";"";"";"";"";"";"";"";"";"";"";"";"";"";"";"";"";"";"";"";"";"";"";"";"";"";"";
"C189";"0.1uF";"C_CHIP-0805(2012-METRIC)";"CAPC2012X110";"Capacitor - Generic";"Capacitor";"";"";"";"";"";"";"";"";"";"";"";"";"";"";"";"";"";"";"";"";"";"";"";"";"";"";"";"";
"C190";"1uF";"C_CHIP-0805(2012-METRIC)";"CAPC2012X110";"Capacitor - Generic";"Capacitor";"";"";"";"";"";"";"";"";"";"";"";"";"";"";"";"";"";"";"";"";"";"";"";"";"";"";"";"";
"C191";"0.1uF";"C_CHIP-0805(2012-METRIC)";"CAPC2012X110";"Capacitor - Generic";"Capacitor";"";"";"";"";"";"";"";"";"";"";"";"";"";"";"";"";"";"";"";"";"";"";"";"";"";"";"";"";
"C192";"1uF";"C_CHIP-0805(2012-METRIC)";"CAPC2012X110";"Capacitor - Generic";"Capacitor";"";"";"";"";"";"";"";"";"";"";"";"";"";"";"";"";"";"";"";"";"";"";"";"";"";"";"";"";
"C193";"0.1uF";"C_CHIP-0805(2012-METRIC)";"CAPC2012X110";"Capacitor - Generic";"Capacitor";"";"";"";"";"";"";"";"";"";"";"";"";"";"";"";"";"";"";"";"";"";"";"";"";"";"";"";"";
"C194";"1uF";"C_CHIP-0805(2012-METRIC)";"CAPC2012X110";"Capacitor - Generic";"Capacitor";"";"";"";"";"";"";"";"";"";"";"";"";"";"";"";"";"";"";"";"";"";"";"";"";"";"";"";"";
"C195";"0.1uF";"C_CHIP-0805(2012-METRIC)";"CAPC2012X110";"Capacitor - Generic";"Capacitor";"";"";"";"";"";"";"";"";"";"";"";"";"";"";"";"";"";"";"";"";"";"";"";"";"";"";"";"";
"C196";"1uF";"C_CHIP-0805(2012-METRIC)";"CAPC2012X110";"Capacitor - Generic";"Capacitor";"";"";"";"";"";"";"";"";"";"";"";"";"";"";"";"";"";"";"";"";"";"";"";"";"";"";"";"";
"C197";"0.1uF";"C_CHIP-0805(2012-METRIC)";"CAPC2012X110";"Capacitor - Generic";"Capacitor";"";"";"";"";"";"";"";"";"";"";"";"";"";"";"";"";"";"";"";"";"";"";"";"";"";"";"";"";
"C198";"1uF";"C_CHIP-0805(2012-METRIC)";"CAPC2012X110";"Capacitor - Generic";"Capacitor";"";"";"";"";"";"";"";"";"";"";"";"";"";"";"";"";"";"";"";"";"";"";"";"";"";"";"";"";
"C199";"0.1uF";"C_CHIP-0805(2012-METRIC)";"CAPC2012X110";"Capacitor - Generic";"Capacitor";"";"";"";"";"";"";"";"";"";"";"";"";"";"";"";"";"";"";"";"";"";"";"";"";"";"";"";"";
"C200";"1uF";"C_CHIP-0805(2012-METRIC)";"CAPC2012X110";"Capacitor - Generic";"Capacitor";"";"";"";"";"";"";"";"";"";"";"";"";"";"";"";"";"";"";"";"";"";"";"";"";"";"";"";"";
"C201";"0.1uF";"C_CHIP-0805(2012-METRIC)";"CAPC2012X110";"Capacitor - Generic";"Capacitor";"";"";"";"";"";"";"";"";"";"";"";"";"";"";"";"";"";"";"";"";"";"";"";"";"";"";"";"";
"C202";"1uF";"C_CHIP-0805(2012-METRIC)";"CAPC2012X110";"Capacitor - Generic";"Capacitor";"";"";"";"";"";"";"";"";"";"";"";"";"";"";"";"";"";"";"";"";"";"";"";"";"";"";"";"";
"C203";"0.1uF";"C_CHIP-0805(2012-METRIC)";"CAPC2012X110";"Capacitor - Generic";"Capacitor";"";"";"";"";"";"";"";"";"";"";"";"";"";"";"";"";"";"";"";"";"";"";"";"";"";"";"";"";
"C204";"1uF";"C_CHIP-0805(2012-METRIC)";"CAPC2012X110";"Capacitor - Generic";"Capacitor";"";"";"";"";"";"";"";"";"";"";"";"";"";"";"";"";"";"";"";"";"";"";"";"";"";"";"";"";
"C205";"0.1uF";"C_CHIP-0805(2012-METRIC)";"CAPC2012X110";"Capacitor - Generic";"Capacitor";"";"";"";"";"";"";"";"";"";"";"";"";"";"";"";"";"";"";"";"";"";"";"";"";"";"";"";"";
"C206";"1uF";"C_CHIP-0805(2012-METRIC)";"CAPC2012X110";"Capacitor - Generic";"Capacitor";"";"";"";"";"";"";"";"";"";"";"";"";"";"";"";"";"";"";"";"";"";"";"";"";"";"";"";"";
"C207";"0.1uF";"C_CHIP-0805(2012-METRIC)";"CAPC2012X110";"Capacitor - Generic";"Capacitor";"";"";"";"";"";"";"";"";"";"";"";"";"";"";"";"";"";"";"";"";"";"";"";"";"";"";"";"";
"C208";"1uF";"C_CHIP-0805(2012-METRIC)";"CAPC2012X110";"Capacitor - Generic";"Capacitor";"";"";"";"";"";"";"";"";"";"";"";"";"";"";"";"";"";"";"";"";"";"";"";"";"";"";"";"";
"C209";"0.1uF";"C_CHIP-0805(2012-METRIC)";"CAPC2012X110";"Capacitor - Generic";"Capacitor";"";"";"";"";"";"";"";"";"";"";"";"";"";"";"";"";"";"";"";"";"";"";"";"";"";"";"";"";
"C210";"1uF";"C_CHIP-0805(2012-METRIC)";"CAPC2012X110";"Capacitor - Generic";"Capacitor";"";"";"";"";"";"";"";"";"";"";"";"";"";"";"";"";"";"";"";"";"";"";"";"";"";"";"";"";
"C211";"0.1uF";"C_CHIP-0805(2012-METRIC)";"CAPC2012X110";"Capacitor - Generic";"Capacitor";"";"";"";"";"";"";"";"";"";"";"";"";"";"";"";"";"";"";"";"";"";"";"";"";"";"";"";"";
"C212";"1uF";"C_CHIP-0805(2012-METRIC)";"CAPC2012X110";"Capacitor - Generic";"Capacitor";"";"";"";"";"";"";"";"";"";"";"";"";"";"";"";"";"";"";"";"";"";"";"";"";"";"";"";"";
"C213";"0.1uF";"C_CHIP-0805(2012-METRIC)";"CAPC2012X110";"Capacitor - Generic";"Capacitor";"";"";"";"";"";"";"";"";"";"";"";"";"";"";"";"";"";"";"";"";"";"";"";"";"";"";"";"";
"C214";"1uF";"C_CHIP-0805(2012-METRIC)";"CAPC2012X110";"Capacitor - Generic";"Capacitor";"";"";"";"";"";"";"";"";"";"";"";"";"";"";"";"";"";"";"";"";"";"";"";"";"";"";"";"";
"C215";"0.1uF";"C_CHIP-0805(2012-METRIC)";"CAPC2012X110";"Capacitor - Generic";"Capacitor";"";"";"";"";"";"";"";"";"";"";"";"";"";"";"";"";"";"";"";"";"";"";"";"";"";"";"";"";
"C216";"1uF";"C_CHIP-0805(2012-METRIC)";"CAPC2012X110";"Capacitor - Generic";"Capacitor";"";"";"";"";"";"";"";"";"";"";"";"";"";"";"";"";"";"";"";"";"";"";"";"";"";"";"";"";
"C217";"0.1uF";"C_CHIP-0805(2012-METRIC)";"CAPC2012X110";"Capacitor - Generic";"Capacitor";"";"";"";"";"";"";"";"";"";"";"";"";"";"";"";"";"";"";"";"";"";"";"";"";"";"";"";"";
"C218";"1uF";"C_CHIP-0805(2012-METRIC)";"CAPC2012X110";"Capacitor - Generic";"Capacitor";"";"";"";"";"";"";"";"";"";"";"";"";"";"";"";"";"";"";"";"";"";"";"";"";"";"";"";"";
"C219";"0.1uF";"C_CHIP-0805(2012-METRIC)";"CAPC2012X110";"Capacitor - Generic";"Capacitor";"";"";"";"";"";"";"";"";"";"";"";"";"";"";"";"";"";"";"";"";"";"";"";"";"";"";"";"";
"C220";"1uF";"C_CHIP-0805(2012-METRIC)";"CAPC2012X110";"Capacitor - Generic";"Capacitor";"";"";"";"";"";"";"";"";"";"";"";"";"";"";"";"";"";"";"";"";"";"";"";"";"";"";"";"";
"C221";"0.1uF";"C_CHIP-0805(2012-METRIC)";"CAPC2012X110";"Capacitor - Generic";"Capacitor";"";"";"";"";"";"";"";"";"";"";"";"";"";"";"";"";"";"";"";"";"";"";"";"";"";"";"";"";
"C222";"1uF";"C_CHIP-0805(2012-METRIC)";"CAPC2012X110";"Capacitor - Generic";"Capacitor";"";"";"";"";"";"";"";"";"";"";"";"";"";"";"";"";"";"";"";"";"";"";"";"";"";"";"";"";
"C223";"0.1uF";"C_CHIP-0805(2012-METRIC)";"CAPC2012X110";"Capacitor - Generic";"Capacitor";"";"";"";"";"";"";"";"";"";"";"";"";"";"";"";"";"";"";"";"";"";"";"";"";"";"";"";"";
"C224";"1uF";"C_CHIP-0805(2012-METRIC)";"CAPC2012X110";"Capacitor - Generic";"Capacitor";"";"";"";"";"";"";"";"";"";"";"";"";"";"";"";"";"";"";"";"";"";"";"";"";"";"";"";"";
"C225";"0.1uF";"C_CHIP-0805(2012-METRIC)";"CAPC2012X110";"Capacitor - Generic";"Capacitor";"";"";"";"";"";"";"";"";"";"";"";"";"";"";"";"";"";"";"";"";"";"";"";"";"";"";"";"";
"C226";"1uF";"C_CHIP-0805(2012-METRIC)";"CAPC2012X110";"Capacitor - Generic";"Capacitor";"";"";"";"";"";"";"";"";"";"";"";"";"";"";"";"";"";"";"";"";"";"";"";"";"";"";"";"";
"C227";"0.1uF";"C_CHIP-0805(2012-METRIC)";"CAPC2012X110";"Capacitor - Generic";"Capacitor";"";"";"";"";"";"";"";"";"";"";"";"";"";"";"";"";"";"";"";"";"";"";"";"";"";"";"";"";
"C228";"1uF";"C_CHIP-0805(2012-METRIC)";"CAPC2012X110";"Capacitor - Generic";"Capacitor";"";"";"";"";"";"";"";"";"";"";"";"";"";"";"";"";"";"";"";"";"";"";"";"";"";"";"";"";
"C229";"0.1uF";"C_CHIP-0805(2012-METRIC)";"CAPC2012X110";"Capacitor - Generic";"Capacitor";"";"";"";"";"";"";"";"";"";"";"";"";"";"";"";"";"";"";"";"";"";"";"";"";"";"";"";"";
"C230";"1uF";"C_CHIP-0805(2012-METRIC)";"CAPC2012X110";"Capacitor - Generic";"Capacitor";"";"";"";"";"";"";"";"";"";"";"";"";"";"";"";"";"";"";"";"";"";"";"";"";"";"";"";"";
"C231";"0.1uF";"C_CHIP-0805(2012-METRIC)";"CAPC2012X110";"Capacitor - Generic";"Capacitor";"";"";"";"";"";"";"";"";"";"";"";"";"";"";"";"";"";"";"";"";"";"";"";"";"";"";"";"";
"C232";"1uF";"C_CHIP-0805(2012-METRIC)";"CAPC2012X110";"Capacitor - Generic";"Capacitor";"";"";"";"";"";"";"";"";"";"";"";"";"";"";"";"";"";"";"";"";"";"";"";"";"";"";"";"";
"C233";"0.1uF";"C_CHIP-0805(2012-METRIC)";"CAPC2012X110";"Capacitor - Generic";"Capacitor";"";"";"";"";"";"";"";"";"";"";"";"";"";"";"";"";"";"";"";"";"";"";"";"";"";"";"";"";
"C234";"1uF";"C_CHIP-0805(2012-METRIC)";"CAPC2012X110";"Capacitor - Generic";"Capacitor";"";"";"";"";"";"";"";"";"";"";"";"";"";"";"";"";"";"";"";"";"";"";"";"";"";"";"";"";
"C235";"0.1uF";"C_CHIP-0805(2012-METRIC)";"CAPC2012X110";"Capacitor - Generic";"Capacitor";"";"";"";"";"";"";"";"";"";"";"";"";"";"";"";"";"";"";"";"";"";"";"";"";"";"";"";"";
"C236";"1uF";"C_CHIP-0805(2012-METRIC)";"CAPC2012X110";"Capacitor - Generic";"Capacitor";"";"";"";"";"";"";"";"";"";"";"";"";"";"";"";"";"";"";"";"";"";"";"";"";"";"";"";"";
"C237";"0.1uF";"C_CHIP-0805(2012-METRIC)";"CAPC2012X110";"Capacitor - Generic";"Capacitor";"";"";"";"";"";"";"";"";"";"";"";"";"";"";"";"";"";"";"";"";"";"";"";"";"";"";"";"";
"C238";"1uF";"C_CHIP-0805(2012-METRIC)";"CAPC2012X110";"Capacitor - Generic";"Capacitor";"";"";"";"";"";"";"";"";"";"";"";"";"";"";"";"";"";"";"";"";"";"";"";"";"";"";"";"";
"C239";"0.1uF";"C_CHIP-0805(2012-METRIC)";"CAPC2012X110";"Capacitor - Generic";"Capacitor";"";"";"";"";"";"";"";"";"";"";"";"";"";"";"";"";"";"";"";"";"";"";"";"";"";"";"";"";
"C240";"1uF";"C_CHIP-0805(2012-METRIC)";"CAPC2012X110";"Capacitor - Generic";"Capacitor";"";"";"";"";"";"";"";"";"";"";"";"";"";"";"";"";"";"";"";"";"";"";"";"";"";"";"";"";
"C241";"0.1uF";"C_CHIP-0805(2012-METRIC)";"CAPC2012X110";"Capacitor - Generic";"Capacitor";"";"";"";"";"";"";"";"";"";"";"";"";"";"";"";"";"";"";"";"";"";"";"";"";"";"";"";"";
"C242";"1uF";"C_CHIP-0805(2012-METRIC)";"CAPC2012X110";"Capacitor - Generic";"Capacitor";"";"";"";"";"";"";"";"";"";"";"";"";"";"";"";"";"";"";"";"";"";"";"";"";"";"";"";"";
"C243";"0.1uF";"C_CHIP-0805(2012-METRIC)";"CAPC2012X110";"Capacitor - Generic";"Capacitor";"";"";"";"";"";"";"";"";"";"";"";"";"";"";"";"";"";"";"";"";"";"";"";"";"";"";"";"";
"C244";"1uF";"C_CHIP-0805(2012-METRIC)";"CAPC2012X110";"Capacitor - Generic";"Capacitor";"";"";"";"";"";"";"";"";"";"";"";"";"";"";"";"";"";"";"";"";"";"";"";"";"";"";"";"";
"C245";"0.1uF";"C_CHIP-0805(2012-METRIC)";"CAPC2012X110";"Capacitor - Generic";"Capacitor";"";"";"";"";"";"";"";"";"";"";"";"";"";"";"";"";"";"";"";"";"";"";"";"";"";"";"";"";
"C246";"1uF";"C_CHIP-0805(2012-METRIC)";"CAPC2012X110";"Capacitor - Generic";"Capacitor";"";"";"";"";"";"";"";"";"";"";"";"";"";"";"";"";"";"";"";"";"";"";"";"";"";"";"";"";
"C247";"0.1uF";"C_CHIP-0805(2012-METRIC)";"CAPC2012X110";"Capacitor - Generic";"Capacitor";"";"";"";"";"";"";"";"";"";"";"";"";"";"";"";"";"";"";"";"";"";"";"";"";"";"";"";"";
"C248";"1uF";"C_CHIP-0805(2012-METRIC)";"CAPC2012X110";"Capacitor - Generic";"Capacitor";"";"";"";"";"";"";"";"";"";"";"";"";"";"";"";"";"";"";"";"";"";"";"";"";"";"";"";"";
"C250";"0.1uF";"C_CHIP-0805(2012-METRIC)";"CAPC2012X110";"Capacitor - Generic";"Capacitor";"";"";"";"";"";"";"";"";"";"";"";"";"";"";"";"";"";"";"";"";"";"";"";"";"";"";"";"";
"C251";"1uF";"C_CHIP-0805(2012-METRIC)";"CAPC2012X110";"Capacitor - Generic";"Capacitor";"";"";"";"";"";"";"";"";"";"";"";"";"";"";"";"";"";"";"";"";"";"";"";"";"";"";"";"";
"C252";"0.1uF";"C_CHIP-0805(2012-METRIC)";"CAPC2012X110";"Capacitor - Generic";"Capacitor";"";"";"";"";"";"";"";"";"";"";"";"";"";"";"";"";"";"";"";"";"";"";"";"";"";"";"";"";
"C253";"1uF";"C_CHIP-0805(2012-METRIC)";"CAPC2012X110";"Capacitor - Generic";"Capacitor";"";"";"";"";"";"";"";"";"";"";"";"";"";"";"";"";"";"";"";"";"";"";"";"";"";"";"";"";
"C254";"0.1uF";"C_CHIP-0805(2012-METRIC)";"CAPC2012X110";"Capacitor - Generic";"Capacitor";"";"";"";"";"";"";"";"";"";"";"";"";"";"";"";"";"";"";"";"";"";"";"";"";"";"";"";"";
"C255";"1uF";"C_CHIP-0805(2012-METRIC)";"CAPC2012X110";"Capacitor - Generic";"Capacitor";"";"";"";"";"";"";"";"";"";"";"";"";"";"";"";"";"";"";"";"";"";"";"";"";"";"";"";"";
"C256";"0.1uF";"C_CHIP-0805(2012-METRIC)";"CAPC2012X110";"Capacitor - Generic";"Capacitor";"";"";"";"";"";"";"";"";"";"";"";"";"";"";"";"";"";"";"";"";"";"";"";"";"";"";"";"";
"C257";"1uF";"C_CHIP-0805(2012-METRIC)";"CAPC2012X110";"Capacitor - Generic";"Capacitor";"";"";"";"";"";"";"";"";"";"";"";"";"";"";"";"";"";"";"";"";"";"";"";"";"";"";"";"";
"C258";"0.1uF";"C_CHIP-0805(2012-METRIC)";"CAPC2012X110";"Capacitor - Generic";"Capacitor";"";"";"";"";"";"";"";"";"";"";"";"";"";"";"";"";"";"";"";"";"";"";"";"";"";"";"";"";
"C259";"1uF";"C_CHIP-0805(2012-METRIC)";"CAPC2012X110";"Capacitor - Generic";"Capacitor";"";"";"";"";"";"";"";"";"";"";"";"";"";"";"";"";"";"";"";"";"";"";"";"";"";"";"";"";
"CR1";"BAT85,113DO-34_NEX";"BAT85,113DO-34_NEX";"DO-34_NEX";"";"";"Copyright (C) 2023 Ultra Librarian. All rights reserved.";"";"";"";"";"";"BAT85,113";"Nexperia";"";"";"";"";"";"";"";"";"";"";"";"";"";"";"";"";"";"";"";"";
"FB1";"FERRITE_BEAD";"FBCHIP-0603(1608-METRIC)";"BEADC1608X95N";"Ferrite Bead - Generic";"Filter";"";"";"";"";"";"";"";"";"";"";"";"";"";"";"";"";"";"";"";"Ferrite bead";"";"";"";"";"";"";"FERRITE_BEAD";"";
"FB2";"FERRITE_BEAD";"FBCHIP-0603(1608-METRIC)";"BEADC1608X95N";"Ferrite Bead - Generic";"Filter";"";"";"";"";"";"";"";"";"";"";"";"";"";"";"";"";"";"";"";"Ferrite bead";"";"";"";"";"";"";"FERRITE_BEAD";"";
"FB3";"FERRITE_BEAD";"FBCHIP-0603(1608-METRIC)";"BEADC1608X95N";"Ferrite Bead - Generic";"Filter";"";"";"";"";"";"";"";"";"";"";"";"";"";"";"";"";"";"";"";"Ferrite bead";"";"";"";"";"";"";"FERRITE_BEAD";"";
"FB4";"FERRITE_BEAD";"FBCHIP-0603(1608-METRIC)";"BEADC1608X95N";"Ferrite Bead - Generic";"Filter";"";"";"";"";"";"";"";"";"";"";"";"";"";"";"";"";"";"";"";"Ferrite bead";"";"";"";"";"";"";"FERRITE_BEAD";"";
"FB5";"FERRITE_BEAD";"FBCHIP-0603(1608-METRIC)";"BEADC1608X95N";"Ferrite Bead - Generic";"Filter";"";"";"";"";"";"";"";"";"";"";"";"";"";"";"";"";"";"";"";"Ferrite bead";"";"";"";"";"";"";"FERRITE_BEAD";"";
"FB6";"FERRITE_BEAD";"FBCHIP-0603(1608-METRIC)";"BEADC1608X95N";"Ferrite Bead - Generic";"Filter";"";"";"";"";"";"";"";"";"";"";"";"";"";"";"";"";"";"";"";"Ferrite bead";"";"";"";"";"";"";"FERRITE_BEAD";"";
"FB7";"FERRITE_BEAD";"FBCHIP-0603(1608-METRIC)";"BEADC1608X95N";"Ferrite Bead - Generic";"Filter";"";"";"";"";"";"";"";"";"";"";"";"";"";"";"";"";"";"";"";"Ferrite bead";"";"";"";"";"";"";"FERRITE_BEAD";"";
"FB8";"FERRITE_BEAD";"FBCHIP-0603(1608-METRIC)";"BEADC1608X95N";"Ferrite Bead - Generic";"Filter";"";"";"";"";"";"";"";"";"";"";"";"";"";"";"";"";"";"";"";"Ferrite bead";"";"";"";"";"";"";"FERRITE_BEAD";"";
"FB9";"FERRITE_BEAD";"FBCHIP-0603(1608-METRIC)";"BEADC1608X95N";"Ferrite Bead - Generic";"Filter";"";"";"";"";"";"";"";"";"";"";"";"";"";"";"";"";"";"";"";"Ferrite bead";"";"";"";"";"";"";"FERRITE_BEAD";"";
"FB10";"FERRITE_BEAD";"FBCHIP-0603(1608-METRIC)";"BEADC1608X95N";"Ferrite Bead - Generic";"Filter";"";"";"";"";"";"";"";"";"";"";"";"";"";"";"";"";"";"";"";"Ferrite bead";"";"";"";"";"";"";"FERRITE_BEAD";"";
"FB11";"FERRITE_BEAD";"FBCHIP-0603(1608-METRIC)";"BEADC1608X95N";"Ferrite Bead - Generic";"Filter";"";"";"";"";"";"";"";"";"";"";"";"";"";"";"";"";"";"";"";"Ferrite bead";"";"";"";"";"";"";"FERRITE_BEAD";"";
"FB12";"FERRITE_BEAD";"FBCHIP-0603(1608-METRIC)";"BEADC1608X95N";"Ferrite Bead - Generic";"Filter";"";"";"";"";"";"";"";"";"";"";"";"";"";"";"";"";"";"";"";"Ferrite bead";"";"";"";"";"";"";"FERRITE_BEAD";"";
"FB13";"FERRITE_BEAD";"FBCHIP-0603(1608-METRIC)";"BEADC1608X95N";"Ferrite Bead - Generic";"Filter";"";"";"";"";"";"";"";"";"";"";"";"";"";"";"";"";"";"";"";"Ferrite bead";"";"";"";"";"";"";"FERRITE_BEAD";"";
"FB14";"FERRITE_BEAD";"FBCHIP-0603(1608-METRIC)";"BEADC1608X95N";"Ferrite Bead - Generic";"Filter";"";"";"";"";"";"";"";"";"";"";"";"";"";"";"";"";"";"";"";"Ferrite bead";"";"";"";"";"";"";"FERRITE_BEAD";"";
"J1";"3A/250V";"B2B-XH-A";"B2B-XH-A";"XH Connector Top Entry - 2POS";"CONNECTOR";"";"2.5mm pitch/disconnectable crimp style connector";"";"";"";"JST (XH CONNECTOR)";"";"";"B2B-XH-A";"";"-25C ~ 85C";"";"ACTIVE";"";"";"";"COMPLIANT";"B_B-XH-A";"";"";"";"Through hole connector";"";"";"";"top entry";"3A/250V";"";
"JP1";"PINHD-1X6/90";"PINHD-1X6/90";"1X06/90";"PIN HEADER";"CONNECTOR";"";"";"";"";"";"";"";"";"";"";"";"";"";"";"";"";"";"";"";"PIN-HEADER";"";"";"";"";"";"";"";"";
"JP3";"PINHD-2X3/90";"PINHD-2X3/90";"2X03/90";"PIN HEADER";"CONNECTOR";"";"";"";"";"";"";"";"";"";"";"";"";"";"";"";"";"";"";"";"PIN-HEADER";"";"";"";"";"";"";"";"";
"JP4";"PINHD-1X8/90";"PINHD-1X8/90";"1X08/90";"PIN HEADER";"CONNECTOR";"";"";"";"";"";"";"";"";"";"";"";"";"";"";"";"";"";"";"";"PIN-HEADER";"";"";"";"";"";"";"";"";
"JP5";"PINHD-1X6/90";"PINHD-1X6/90";"1X06/90";"PIN HEADER";"CONNECTOR";"";"";"";"";"";"";"";"";"";"";"";"";"";"";"";"";"";"";"";"PIN-HEADER";"";"";"";"";"";"";"";"";
"JP6";"PINHD-1X8/90";"PINHD-1X8/90";"1X08/90";"PIN HEADER";"CONNECTOR";"";"";"";"";"";"";"";"";"";"";"";"";"";"";"";"";"";"";"";"PIN-HEADER";"";"";"";"";"";"";"";"";
"JP7";"PINHD-1X7/90";"PINHD-1X7/90";"1X07/90";"PIN HEADER";"CONNECTOR";"";"";"";"";"";"";"";"";"";"";"";"";"";"";"";"";"";"";"";"PIN-HEADER";"";"";"";"";"";"";"";"";
"JP9";"PINHD-2X4/90";"PINHD-2X4/90";"2X04/90";"PIN HEADER";"CONNECTOR";"";"";"";"";"";"";"";"";"";"";"";"";"";"";"";"";"";"";"";"PIN-HEADER";"";"";"";"";"";"";"";"";
"JP10";"PINHD-1X4";"PINHD-1X4";"1X04";"PIN HEADER";"CONNECTOR";"";"";"";"";"";"";"";"";"";"";"";"";"";"";"";"";"";"";"";"PIN-HEADER";"";"";"";"";"";"";"";"";
"JP11";"PINHD-2X4/90";"PINHD-2X4/90";"2X04/90";"PIN HEADER";"CONNECTOR";"";"";"";"";"";"";"";"";"";"";"";"";"";"";"";"";"";"";"";"PIN-HEADER";"";"";"";"";"";"";"";"";
"JP12";"PINHD-1X1";"PINHD-1X1";"1X01";"PIN HEADER";"CONNECTOR";"";"";"";"";"";"";"";"";"";"";"";"";"";"";"";"";"";"";"";"PIN-HEADER";"";"";"";"";"";"";"";"";
"JP13";"PINHD-2X4/90";"PINHD-2X4/90";"2X04/90";"PIN HEADER";"CONNECTOR";"";"";"";"";"";"";"";"";"";"";"";"";"";"";"";"";"";"";"";"PIN-HEADER";"";"";"";"";"";"";"";"";
"JP14";"PINHD-2X4/90";"PINHD-2X4/90";"2X04/90";"PIN HEADER";"CONNECTOR";"";"";"";"";"";"";"";"";"";"";"";"";"";"";"";"";"";"";"";"PIN-HEADER";"";"";"";"";"";"";"";"";
"JP15";"PINHD-2X4/90";"PINHD-2X4/90";"2X04/90";"PIN HEADER";"CONNECTOR";"";"";"";"";"";"";"";"";"";"";"";"";"";"";"";"";"";"";"";"PIN-HEADER";"";"";"";"";"";"";"";"";
"JP16";"PINHD-2X3/90";"PINHD-2X3/90";"2X03/90";"PIN HEADER";"CONNECTOR";"";"";"";"";"";"";"";"";"";"";"";"";"";"";"";"";"";"";"";"PIN-HEADER";"";"";"";"";"";"";"";"";
"JP17";"PINHD-2X4/90";"PINHD-2X4/90";"2X04/90";"PIN HEADER";"CONNECTOR";"";"";"";"";"";"";"";"";"";"";"";"";"";"";"";"";"";"";"";"PIN-HEADER";"";"";"";"";"";"";"";"";
"JP18";"PINHD-2X3/90";"PINHD-2X3/90";"2X03/90";"PIN HEADER";"CONNECTOR";"";"";"";"";"";"";"";"";"";"";"";"";"";"";"";"";"";"";"";"PIN-HEADER";"";"";"";"";"";"";"";"";
"JP19";"PINHD-1X2/90";"PINHD-1X2/90";"1X02/90";"PIN HEADER";"CONNECTOR";"";"";"";"";"";"";"";"";"";"";"";"";"";"";"";"";"";"";"";"PIN-HEADER";"";"";"";"";"";"";"";"";
"JP20";"PINHD-1X2/90";"PINHD-1X2/90";"1X02/90";"PIN HEADER";"CONNECTOR";"";"";"";"";"";"";"";"";"";"";"";"";"";"";"";"";"";"";"";"PIN-HEADER";"";"";"";"";"";"";"";"";
"JP21";"PINHD-1X2/90";"PINHD-1X2/90";"1X02/90";"PIN HEADER";"CONNECTOR";"";"";"";"";"";"";"";"";"";"";"";"";"";"";"";"";"";"";"";"PIN-HEADER";"";"";"";"";"";"";"";"";
"JP22";"PINHD-1X2/90";"PINHD-1X2/90";"1X02/90";"PIN HEADER";"CONNECTOR";"";"";"";"";"";"";"";"";"";"";"";"";"";"";"";"";"";"";"";"PIN-HEADER";"";"";"";"";"";"";"";"";
"JP23";"PINHD-1X2/90";"PINHD-1X2/90";"1X02/90";"PIN HEADER";"CONNECTOR";"";"";"";"";"";"";"";"";"";"";"";"";"";"";"";"";"";"";"";"PIN-HEADER";"";"";"";"";"";"";"";"";
"JP24";"PINHD-1X2/90";"PINHD-1X2/90";"1X02/90";"PIN HEADER";"CONNECTOR";"";"";"";"";"";"";"";"";"";"";"";"";"";"";"";"";"";"";"";"PIN-HEADER";"";"";"";"";"";"";"";"";
"R1";"1k";"R_CHIP-0603(1608-METRIC)";"RESC1608X60";"Resistor Fixed - Generic";"Resistor";"";"";"";"";"";"";"";"";"";"";"";"";"";"";"";"";"";"";"";"Fixed";"";"";"";"";"";"";"";"";
"R2";"470k";"R_CHIP-0603(1608-METRIC)";"RESC1608X60";"Resistor Fixed - Generic";"Resistor";"";"";"";"";"";"";"";"";"";"";"";"";"";"";"";"";"";"";"";"Fixed";"";"";"";"";"";"";"";"";
"R3";"1M";"R_CHIP-0603(1608-METRIC)";"RESC1608X60";"Resistor Fixed - Generic";"Resistor";"";"";"";"";"";"";"";"";"";"";"";"";"";"";"";"";"";"";"";"Fixed";"";"";"";"";"";"";"";"";
"R4";"1M";"R_CHIP-0603(1608-METRIC)";"RESC1608X60";"Resistor Fixed - Generic";"Resistor";"";"";"";"";"";"";"";"";"";"";"";"";"";"";"";"";"";"";"";"Fixed";"";"";"";"";"";"";"";"";
"R5";"1M";"R_CHIP-0603(1608-METRIC)";"RESC1608X60";"Resistor Fixed - Generic";"Resistor";"";"";"";"";"";"";"";"";"";"";"";"";"";"";"";"";"";"";"";"Fixed";"";"";"";"";"";"";"";"";
"R6";"1M";"R_CHIP-0603(1608-METRIC)";"RESC1608X60";"Resistor Fixed - Generic";"Resistor";"";"";"";"";"";"";"";"";"";"";"";"";"";"";"";"";"";"";"";"Fixed";"";"";"";"";"";"";"";"";
"R7";"1M";"R_CHIP-0603(1608-METRIC)";"RESC1608X60";"Resistor Fixed - Generic";"Resistor";"";"";"";"";"";"";"";"";"";"";"";"";"";"";"";"";"";"";"";"Fixed";"";"";"";"";"";"";"";"";
"R8";"1M";"R_CHIP-0603(1608-METRIC)";"RESC1608X60";"Resistor Fixed - Generic";"Resistor";"";"";"";"";"";"";"";"";"";"";"";"";"";"";"";"";"";"";"";"Fixed";"";"";"";"";"";"";"";"";
"R9";"10k";"R_CHIP-0603(1608-METRIC)";"RESC1608X60";"Resistor Fixed - Generic";"Resistor";"";"";"";"";"";"";"";"";"";"";"";"";"";"";"";"";"";"";"";"Fixed";"";"";"";"";"";"";"";"";
"R10";"1M";"R_CHIP-0603(1608-METRIC)";"RESC1608X60";"Resistor Fixed - Generic";"Resistor";"";"";"";"";"";"";"";"";"";"";"";"";"";"";"";"";"";"";"";"Fixed";"";"";"";"";"";"";"";"";
"RN1";"CAY16-2201F4LF";"CAY16-2201F4LF";"RESCAF80P320X160X60-8N";"Res Thick Film Array 75 Ohm 5% 0.25W(1/4W) ?200ppm/C ISOL Molded 8-Pin 1206(4 X 0603) Convex SMD T/R";"";"";"";"";"";"";"Bourns";"";"";"";"";"";"";"";"";"";"";"";"";"IPC-7351B";"";"";"";"";"";"";"";"";"";
"RN2";"CAY16-2201F4LF";"CAY16-2201F4LF";"RESCAF80P320X160X60-8N";"Res Thick Film Array 75 Ohm 5% 0.25W(1/4W) ?200ppm/C ISOL Molded 8-Pin 1206(4 X 0603) Convex SMD T/R";"";"";"";"";"";"";"Bourns";"";"";"";"";"";"";"";"";"";"";"";"";"IPC-7351B";"";"";"";"";"";"";"";"";"";
"RN3";"CAY16-2201F4LF";"CAY16-2201F4LF";"RESCAF80P320X160X60-8N";"Res Thick Film Array 75 Ohm 5% 0.25W(1/4W) ?200ppm/C ISOL Molded 8-Pin 1206(4 X 0603) Convex SMD T/R";"";"";"";"";"";"";"Bourns";"";"";"";"";"";"";"";"";"";"";"";"";"IPC-7351B";"";"";"";"";"";"";"";"";"";
"RN4";"CAY16-2201F4LF";"CAY16-2201F4LF";"RESCAF80P320X160X60-8N";"Res Thick Film Array 75 Ohm 5% 0.25W(1/4W) ?200ppm/C ISOL Molded 8-Pin 1206(4 X 0603) Convex SMD T/R";"";"";"";"";"";"";"Bourns";"";"";"";"";"";"";"";"";"";"";"";"";"IPC-7351B";"";"";"";"";"";"";"";"";"";
"RN5";"CAY16-2201F4LF";"CAY16-2201F4LF";"RESCAF80P320X160X60-8N";"Res Thick Film Array 75 Ohm 5% 0.25W(1/4W) ?200ppm/C ISOL Molded 8-Pin 1206(4 X 0603) Convex SMD T/R";"";"";"";"";"";"";"Bourns";"";"";"";"";"";"";"";"";"";"";"";"";"IPC-7351B";"";"";"";"";"";"";"";"";"";
"RN6";"CAY16-2201F4LF";"CAY16-2201F4LF";"RESCAF80P320X160X60-8N";"Res Thick Film Array 75 Ohm 5% 0.25W(1/4W) ?200ppm/C ISOL Molded 8-Pin 1206(4 X 0603) Convex SMD T/R";"";"";"";"";"";"";"Bourns";"";"";"";"";"";"";"";"";"";"";"";"";"IPC-7351B";"";"";"";"";"";"";"";"";"";
"RN7";"CAY16-2201F4LF";"CAY16-2201F4LF";"RESCAF80P320X160X60-8N";"Res Thick Film Array 75 Ohm 5% 0.25W(1/4W) ?200ppm/C ISOL Molded 8-Pin 1206(4 X 0603) Convex SMD T/R";"";"";"";"";"";"";"Bourns";"";"";"";"";"";"";"";"";"";"";"";"";"IPC-7351B";"";"";"";"";"";"";"";"";"";
"RN8";"CAY16-2201F4LF";"CAY16-2201F4LF";"RESCAF80P320X160X60-8N";"Res Thick Film Array 75 Ohm 5% 0.25W(1/4W) ?200ppm/C ISOL Molded 8-Pin 1206(4 X 0603) Convex SMD T/R";"";"";"";"";"";"";"Bourns";"";"";"";"";"";"";"";"";"";"";"";"";"IPC-7351B";"";"";"";"";"";"";"";"";"";
"RN9";"CAY16-2201F4LF";"CAY16-2201F4LF";"RESCAF80P320X160X60-8N";"Res Thick Film Array 75 Ohm 5% 0.25W(1/4W) ?200ppm/C ISOL Molded 8-Pin 1206(4 X 0603) Convex SMD T/R";"";"";"";"";"";"";"Bourns";"";"";"";"";"";"";"";"";"";"";"";"";"IPC-7351B";"";"";"";"";"";"";"";"";"";
"RN10";"CAY16-2201F4LF";"CAY16-2201F4LF";"RESCAF80P320X160X60-8N";"Res Thick Film Array 75 Ohm 5% 0.25W(1/4W) ?200ppm/C ISOL Molded 8-Pin 1206(4 X 0603) Convex SMD T/R";"";"";"";"";"";"";"Bourns";"";"";"";"";"";"";"";"";"";"";"";"";"IPC-7351B";"";"";"";"";"";"";"";"";"";
"RN11";"CAY16-2201F4LF";"CAY16-2201F4LF";"RESCAF80P320X160X60-8N";"Res Thick Film Array 75 Ohm 5% 0.25W(1/4W) ?200ppm/C ISOL Molded 8-Pin 1206(4 X 0603) Convex SMD T/R";"";"";"";"";"";"";"Bourns";"";"";"";"";"";"";"";"";"";"";"";"";"IPC-7351B";"";"";"";"";"";"";"";"";"";
"RN12";"CAY16-2201F4LF";"CAY16-2201F4LF";"RESCAF80P320X160X60-8N";"Res Thick Film Array 75 Ohm 5% 0.25W(1/4W) ?200ppm/C ISOL Molded 8-Pin 1206(4 X 0603) Convex SMD T/R";"";"";"";"";"";"";"Bourns";"";"";"";"";"";"";"";"";"";"";"";"";"IPC-7351B";"";"";"";"";"";"";"";"";"";
"RN13";"CAY16-2201F4LF";"CAY16-2201F4LF";"RESCAF80P320X160X60-8N";"Res Thick Film Array 75 Ohm 5% 0.25W(1/4W) ?200ppm/C ISOL Molded 8-Pin 1206(4 X 0603) Convex SMD T/R";"";"";"";"";"";"";"Bourns";"";"";"";"";"";"";"";"";"";"";"";"";"IPC-7351B";"";"";"";"";"";"";"";"";"";
"S2";"";"B3U-X000B3U3000P(M)-B3000P(M)-B";"B3U-3000P(M)-B";"Ultra-small Tactile Switch";"SWITCH";"";"Ultra-small Surface-mounting Tactile Switches with High Contact Reliability ";"";"";"";"OMRON";"";"";"";"";"-25C to +70C";"";"ACTIVE";"";"";"RoHS Compliant";"";"B3U";"";"";"";"";"";"";"";"Tactile";"B3U-3000P(M)-B";"";
"TP1";"TP";"TP";"1X01";"";"";"";"";"";"";"";"";"";"";"";"";"";"";"";"";"";"";"";"";"";"";"";"";"";"";"";"";"";"";
"TP4";"TP";"TP";"1X01";"";"";"";"";"";"";"";"";"";"";"";"";"";"";"";"";"";"";"";"";"";"";"";"";"";"";"";"";"";"";
"TP5";"TP";"TP";"1X01";"";"";"";"";"";"";"";"";"";"";"";"";"";"";"";"";"";"";"";"";"";"";"";"";"";"";"";"";"";"";
"TP7";"TP";"TP";"1X01";"";"";"";"";"";"";"";"";"";"";"";"";"";"";"";"";"";"";"";"";"";"";"";"";"";"";"";"";"";"";
"TP8";"TP";"TP";"1X01";"";"";"";"";"";"";"";"";"";"";"";"";"";"";"";"";"";"";"";"";"";"";"";"";"";"";"";"";"";"";
"TP9";"TP";"TP";"1X01";"";"";"";"";"";"";"";"";"";"";"";"";"";"";"";"";"";"";"";"";"";"";"";"";"";"";"";"";"";"";
"TP10";"TP";"TP";"1X01";"";"";"";"";"";"";"";"";"";"";"";"";"";"";"";"";"";"";"";"";"";"";"";"";"";"";"";"";"";"";
"TP16";"TP";"TP";"1X01";"";"";"";"";"";"";"";"";"";"";"";"";"";"";"";"";"";"";"";"";"";"";"";"";"";"";"";"";"";"";
"TP18";"TP";"TP";"1X01";"";"";"";"";"";"";"";"";"";"";"";"";"";"";"";"";"";"";"";"";"";"";"";"";"";"";"";"";"";"";
"TP19";"TP";"TP";"1X01";"";"";"";"";"";"";"";"";"";"";"";"";"";"";"";"";"";"";"";"";"";"";"";"";"";"";"";"";"";"";
"TP20";"TP";"TP";"1X01";"";"";"";"";"";"";"";"";"";"";"";"";"";"";"";"";"";"";"";"";"";"";"";"";"";"";"";"";"";"";
"TP21";"TP";"TP";"1X01";"";"";"";"";"";"";"";"";"";"";"";"";"";"";"";"";"";"";"";"";"";"";"";"";"";"";"";"";"";"";
"TP22";"TP";"TP";"1X01";"";"";"";"";"";"";"";"";"";"";"";"";"";"";"";"";"";"";"";"";"";"";"";"";"";"";"";"";"";"";
"TP23";"TP";"TP";"1X01";"";"";"";"";"";"";"";"";"";"";"";"";"";"";"";"";"";"";"";"";"";"";"";"";"";"";"";"";"";"";
"TP24";"TP";"TP";"1X01";"";"";"";"";"";"";"";"";"";"";"";"";"";"";"";"";"";"";"";"";"";"";"";"";"";"";"";"";"";"";
"TP25";"TP";"TP";"1X01";"";"";"";"";"";"";"";"";"";"";"";"";"";"";"";"";"";"";"";"";"";"";"";"";"";"";"";"";"";"";
"TP26";"TP";"TP";"1X01";"";"";"";"";"";"";"";"";"";"";"";"";"";"";"";"";"";"";"";"";"";"";"";"";"";"";"";"";"";"";
"TP27";"TP";"TP";"1X01";"";"";"";"";"";"";"";"";"";"";"";"";"";"";"";"";"";"";"";"";"";"";"";"";"";"";"";"";"";"";
"TP28";"TP";"TP";"1X01";"";"";"";"";"";"";"";"";"";"";"";"";"";"";"";"";"";"";"";"";"";"";"";"";"";"";"";"";"";"";
"TP29";"TP";"TP";"1X01";"";"";"";"";"";"";"";"";"";"";"";"";"";"";"";"";"";"";"";"";"";"";"";"";"";"";"";"";"";"";
"TP30";"TP";"TP";"1X01";"";"";"";"";"";"";"";"";"";"";"";"";"";"";"";"";"";"";"";"";"";"";"";"";"";"";"";"";"";"";
"TPCS1";"TP";"TP";"1X01";"";"";"";"";"";"";"";"";"";"";"";"";"";"";"";"";"";"";"";"";"";"";"";"";"";"";"";"";"";"";
"TPCS2";"TP";"TP";"1X01";"";"";"";"";"";"";"";"";"";"";"";"";"";"";"";"";"";"";"";"";"";"";"";"";"";"";"";"";"";"";
"TPCS3";"TP";"TP";"1X01";"";"";"";"";"";"";"";"";"";"";"";"";"";"";"";"";"";"";"";"";"";"";"";"";"";"";"";"";"";"";
"TPCS4";"TP";"TP";"1X01";"";"";"";"";"";"";"";"";"";"";"";"";"";"";"";"";"";"";"";"";"";"";"";"";"";"";"";"";"";"";
"TPCS5";"TP";"TP";"1X01";"";"";"";"";"";"";"";"";"";"";"";"";"";"";"";"";"";"";"";"";"";"";"";"";"";"";"";"";"";"";
"TPCS6";"TP";"TP";"1X01";"";"";"";"";"";"";"";"";"";"";"";"";"";"";"";"";"";"";"";"";"";"";"";"";"";"";"";"";"";"";
"TPCS7";"TP";"TP";"1X01";"";"";"";"";"";"";"";"";"";"";"";"";"";"";"";"";"";"";"";"";"";"";"";"";"";"";"";"";"";"";
"TPCS8";"TP";"TP";"1X01";"";"";"";"";"";"";"";"";"";"";"";"";"";"";"";"";"";"";"";"";"";"";"";"";"";"";"";"";"";"";
"TPCS9";"TP";"TP";"1X01";"";"";"";"";"";"";"";"";"";"";"";"";"";"";"";"";"";"";"";"";"";"";"";"";"";"";"";"";"";"";
"TPRAW";"TP";"TP";"1X01";"";"";"";"";"";"";"";"";"";"";"";"";"";"";"";"";"";"";"";"";"";"";"";"";"";"";"";"";"";"";
"U1";"ADS1194CPAG";"ADS1194CPAG";"QFP50P1200X1200X120-64N";"";"";"";"";"";"";"";"";"";"";"";"";"";"";"";"";"";"";"";"";"";"";"";"";"";"";"";"";"";"";
"U2";"ADS1194CPAG";"ADS1194CPAG";"QFP50P1200X1200X120-64N";"";"";"";"";"";"";"";"";"";"";"";"";"";"";"";"";"";"";"";"";"";"";"";"";"";"";"";"";"";"";
"U3";"ADS1194CPAG";"ADS1194CPAG";"QFP50P1200X1200X120-64N";"";"";"";"";"";"";"";"";"";"";"";"";"";"";"";"";"";"";"";"";"";"";"";"";"";"";"";"";"";"";
"U4";"ADS1194CPAG";"ADS1194CPAG";"QFP50P1200X1200X120-64N";"";"";"";"";"";"";"";"";"";"";"";"";"";"";"";"";"";"";"";"";"";"";"";"";"";"";"";"";"";"";
"U5";"ADS1194CPAG";"ADS1194CPAG";"QFP50P1200X1200X120-64N";"";"";"";"";"";"";"";"";"";"";"";"";"";"";"";"";"";"";"";"";"";"";"";"";"";"";"";"";"";"";
"U6";"LM2664M6";"LM2664M6";"SOT95P280X145-6N";"";"";"";"";"";"";"";"";"";"";"";"";"";"";"";"";"";"";"";"";"";"";"";"";"";"";"";"";"";"";
"U7";"ADS1194CPAG";"ADS1194CPAG";"QFP50P1200X1200X120-64N";"";"";"";"";"";"";"";"";"";"";"";"";"";"";"";"";"";"";"";"";"";"";"";"";"";"";"";"";"";"";
"U8";"PIC32MX250F128D-I_PT";"PIC32MX250F128D-I_PT";"QFP44_10X10MC";"";"";"";"";"";"";"";"";"";"";"";"";"";"";"";"";"";"";"";"";"";"";"";"";"";"";"";"";"";"";
"U9";"MCP1754T-5002E/MC";"MCP1754T-5002E/MC";"SON50P200X300X100-9N";"None";"";"";"";"";"";"";"Microchip";"";"";"";"";"";"SON50P200X300X100-9N";"";"";"";"";"";"";"";"";"";"";"";"";"";"";"";"";
"U10";"TPS72325QDBVRQ1";"TPS72325QDBVRQ1";"SOT95P280X145-5N";"None";"";"";"";"";"";"";"Texas Instruments";"";"";"";"";"";"SOT95P280X145-5N";"";"";"";"";"";"";"";"";"";"";"";"";"";"";"";"";
"U11";"TLV70012QDCKRQ1";"TLV70012QDCKRQ1";"SOT65P210X110-5N";"None";"";"";"";"";"";"";"Texas Instruments";"";"";"";"";"";"SOT65P210X110-5N";"";"";"";"";"";"";"";"";"";"";"";"";"";"";"";"";
"U13";"TPD4E1B06DRLR";"TPD4E1B06DRLR";"SOT50P160X60-6N";"";"";"";"";"";"";"";"";"";"";"";"";"";"";"";"";"";"";"";"";"";"";"";"";"";"";"";"";"";"";
"U14";"TPD4E1B06DRLR";"TPD4E1B06DRLR";"SOT50P160X60-6N";"";"";"";"";"";"";"";"";"";"";"";"";"";"";"";"";"";"";"";"";"";"";"";"";"";"";"";"";"";"";
"U15";"TPD4E1B06DRLR";"TPD4E1B06DRLR";"SOT50P160X60-6N";"";"";"";"";"";"";"";"";"";"";"";"";"";"";"";"";"";"";"";"";"";"";"";"";"";"";"";"";"";"";
"U16";"TPD4E1B06DRLR";"TPD4E1B06DRLR";"SOT50P160X60-6N";"";"";"";"";"";"";"";"";"";"";"";"";"";"";"";"";"";"";"";"";"";"";"";"";"";"";"";"";"";"";
"U17";"TPD4E1B06DRLR";"TPD4E1B06DRLR";"SOT50P160X60-6N";"";"";"";"";"";"";"";"";"";"";"";"";"";"";"";"";"";"";"";"";"";"";"";"";"";"";"";"";"";"";
"U18";"TPD4E1B06DRLR";"TPD4E1B06DRLR";"SOT50P160X60-6N";"";"";"";"";"";"";"";"";"";"";"";"";"";"";"";"";"";"";"";"";"";"";"";"";"";"";"";"";"";"";
"U19";"TPD4E1B06DRLR";"TPD4E1B06DRLR";"SOT50P160X60-6N";"";"";"";"";"";"";"";"";"";"";"";"";"";"";"";"";"";"";"";"";"";"";"";"";"";"";"";"";"";"";
"U20";"TPD4E1B06DRLR";"TPD4E1B06DRLR";"SOT50P160X60-6N";"";"";"";"";"";"";"";"";"";"";"";"";"";"";"";"";"";"";"";"";"";"";"";"";"";"";"";"";"";"";
"U21";"TPD4E1B06DRLR";"TPD4E1B06DRLR";"SOT50P160X60-6N";"";"";"";"";"";"";"";"";"";"";"";"";"";"";"";"";"";"";"";"";"";"";"";"";"";"";"";"";"";"";
"U22";"TPD4E1B06DRLR";"TPD4E1B06DRLR";"SOT50P160X60-6N";"";"";"";"";"";"";"";"";"";"";"";"";"";"";"";"";"";"";"";"";"";"";"";"";"";"";"";"";"";"";
"U23";"TPD4E1B06DRLR";"TPD4E1B06DRLR";"SOT50P160X60-6N";"";"";"";"";"";"";"";"";"";"";"";"";"";"";"";"";"";"";"";"";"";"";"";"";"";"";"";"";"";"";
"U24";"TPD4E1B06DRLR";"TPD4E1B06DRLR";"SOT50P160X60-6N";"";"";"";"";"";"";"";"";"";"";"";"";"";"";"";"";"";"";"";"";"";"";"";"";"";"";"";"";"";"";
"U25";"TPD4E1B06DRLR";"TPD4E1B06DRLR";"SOT50P160X60-6N";"";"";"";"";"";"";"";"";"";"";"";"";"";"";"";"";"";"";"";"";"";"";"";"";"";"";"";"";"";"";
"U26";"LIS3DHHTRQFN_ICLX_STM";"LIS3DHHTRQFN_ICLX_STM";"QFN_ICLX_STM";"";"";"Copyright (C) 2023 Ultra Librarian. All rights reserved.";"";"";"";"";"";"LIS3DHHTR";"STMicroelectronics";"";"";"";"";"";"";"";"";"";"";"";"";"";"";"";"";"";"";"";"";
"XTAL1";"8M";"CRYSTAL_HC49-11.5L";"XTALRR488W45L1150T500H350B";"Crystal 2Pin - Generic";"Frequency-Source";"";"";"";"";"";"";"";"";"";"";"";"";"";"";"";"";"";"";"";"Crystal-2Pin";"";"";"";"";"";"";"HC49";"";
